sku,crm_name,crm_category,crm_subcategory,current_url,muru_url,muru_slug,muru_slug_clean,bitrix_title,translit_name_slug,clean_matches_name,clean_matches_bitrix_title,base_slug,collision_index,final_slug,source,top_final_slug,leaf_final_slug,final_url
MU0001,"Керамический подсвечник ""Тихая Земля малый""",Вазы и аксессуары,Подсвечники,/catalog/вазы-и-аксессуары/подсвечники/MU0001/,https://muru.ru/catalog/vazy-i-aksessuary/podsvechniki/keramicheskiy-podsvechnik-tikhaya-zemlya/,keramicheskiy-podsvechnik-tikhaya-zemlya,yes,"Керамический подсвечник ""Тихая Земля малый""",keramicheskiy-podsvechnik-tikhaya-zemlya-malyy,no,no,keramicheskiy-podsvechnik-tikhaya-zemlya-malyy,,keramicheskiy-podsvechnik-tikhaya-zemlya-malyy,autotranslit (muru.ru slug describes another product),vazy-i-aksessuary,podsvechniki,/catalog/vazy-i-aksessuary/podsvechniki/keramicheskiy-podsvechnik-tikhaya-zemlya-malyy/
MU0002,"Кемический подсвечник ""Тихая Земля большой""",Вазы и аксессуары,Подсвечники,/catalog/вазы-и-аксессуары/подсвечники/MU0002/,https://muru.ru/catalog/vazy-i-aksessuary/podsvechniki/micheskiy-podsvechnik-tikhaya-zemlya/,micheskiy-podsvechnik-tikhaya-zemlya,yes,"Кемический подсвечник ""Тихая Земля большой""",kemicheskiy-podsvechnik-tikhaya-zemlya-bolshoy,no,no,kemicheskiy-podsvechnik-tikhaya-zemlya-bolshoy,,kemicheskiy-podsvechnik-tikhaya-zemlya-bolshoy,autotranslit (muru.ru slug describes another product),vazy-i-aksessuary,podsvechniki,/catalog/vazy-i-aksessuary/podsvechniki/kemicheskiy-podsvechnik-tikhaya-zemlya-bolshoy/
MU0003,"Кемический подсвечник ""Тихая Земля большой""",Вазы и аксессуары,Подсвечники,/catalog/вазы-и-аксессуары/подсвечники/MU0003/,https://muru.ru/catalog/vazy-i-aksessuary/podsvechniki/micheskiy-podsvechnik-tikhaya-zemlya-1540368624/,micheskiy-podsvechnik-tikhaya-zemlya-1540368624,no,"Кемический подсвечник ""Тихая Земля большой""",kemicheskiy-podsvechnik-tikhaya-zemlya-bolshoy,,,kemicheskiy-podsvechnik-tikhaya-zemlya-bolshoy,2,kemicheskiy-podsvechnik-tikhaya-zemlya-bolshoy-2,autotranslit (muru.ru slug has Bitrix suffix),vazy-i-aksessuary,podsvechniki,/catalog/vazy-i-aksessuary/podsvechniki/kemicheskiy-podsvechnik-tikhaya-zemlya-bolshoy-2/
MU0004,"Керамический подсвечник ""Тихая Земля малый""",Вазы и аксессуары,Подсвечники,/catalog/вазы-и-аксессуары/подсвечники/MU0004/,https://muru.ru/catalog/vazy-i-aksessuary/podsvechniki/micheskiy-podsvechnik-tikhaya-zemlya-1872192570/,micheskiy-podsvechnik-tikhaya-zemlya-1872192570,no,"Керамический подсвечник ""Тихая Земля малый""",keramicheskiy-podsvechnik-tikhaya-zemlya-malyy,,,keramicheskiy-podsvechnik-tikhaya-zemlya-malyy,2,keramicheskiy-podsvechnik-tikhaya-zemlya-malyy-2,autotranslit (muru.ru slug has Bitrix suffix),vazy-i-aksessuary,podsvechniki,/catalog/vazy-i-aksessuary/podsvechniki/keramicheskiy-podsvechnik-tikhaya-zemlya-malyy-2/
MU0005,"Керамическая ваза ""Тихая земля""",Вазы и аксессуары,Вазы и кувшины,/catalog/вазы-и-аксессуары/вазы-и-кувшины/MU0005/,https://muru.ru/catalog/vazy-i-aksessuary/vazy-i-kuvshiny/keramicheskiy-podsvechnik/,keramicheskiy-podsvechnik,yes,"Керамическая ваза ""Тихая земля""",keramicheskaya-vaza-tikhaya-zemlya,no,no,keramicheskaya-vaza-tikhaya-zemlya,,keramicheskaya-vaza-tikhaya-zemlya,autotranslit (muru.ru slug describes another product),vazy-i-aksessuary,vazy-i-kuvshiny,/catalog/vazy-i-aksessuary/vazy-i-kuvshiny/keramicheskaya-vaza-tikhaya-zemlya/
MU0006,"Керамическая ваза ""Тихая земля""",Вазы и аксессуары,Вазы и кувшины,/catalog/вазы-и-аксессуары/вазы-и-кувшины/MU0006/,https://muru.ru/catalog/vazy-i-aksessuary/vazy-i-kuvshiny/keramicheskiy-podsvechnik-1839148241/,keramicheskiy-podsvechnik-1839148241,no,"Керамическая ваза ""Тихая земля""",keramicheskaya-vaza-tikhaya-zemlya,,,keramicheskaya-vaza-tikhaya-zemlya,2,keramicheskaya-vaza-tikhaya-zemlya-2,autotranslit (muru.ru slug has Bitrix suffix),vazy-i-aksessuary,vazy-i-kuvshiny,/catalog/vazy-i-aksessuary/vazy-i-kuvshiny/keramicheskaya-vaza-tikhaya-zemlya-2/
MU0007,"Керамическая ваза ""Тихая земля""",Вазы и аксессуары,Вазы и кувшины,/catalog/вазы-и-аксессуары/вазы-и-кувшины/MU0007/,https://muru.ru/catalog/vazy-i-aksessuary/vazy-i-kuvshiny/keramicheskiy-podsvechnik-1929190593/,keramicheskiy-podsvechnik-1929190593,no,"Керамическая ваза ""Тихая земля""",keramicheskaya-vaza-tikhaya-zemlya,,,keramicheskaya-vaza-tikhaya-zemlya,3,keramicheskaya-vaza-tikhaya-zemlya-3,autotranslit (muru.ru slug has Bitrix suffix),vazy-i-aksessuary,vazy-i-kuvshiny,/catalog/vazy-i-aksessuary/vazy-i-kuvshiny/keramicheskaya-vaza-tikhaya-zemlya-3/
MU0008,"Керамическая ваза ""Тихая земля""",Вазы и аксессуары,Вазы и кувшины,/catalog/вазы-и-аксессуары/вазы-и-кувшины/MU0008/,https://muru.ru/catalog/vazy-i-aksessuary/vazy-i-kuvshiny/keramicheskiy-podsvechnik-792922840/,keramicheskiy-podsvechnik-792922840,no,"Керамическая ваза ""Тихая земля""",keramicheskaya-vaza-tikhaya-zemlya,,,keramicheskaya-vaza-tikhaya-zemlya,4,keramicheskaya-vaza-tikhaya-zemlya-4,autotranslit (muru.ru slug has Bitrix suffix),vazy-i-aksessuary,vazy-i-kuvshiny,/catalog/vazy-i-aksessuary/vazy-i-kuvshiny/keramicheskaya-vaza-tikhaya-zemlya-4/
MU0009,"Керамическая ваза ""Форма света""",Вазы и аксессуары,Вазы и кувшины,/catalog/вазы-и-аксессуары/вазы-и-кувшины/MU0009/,https://muru.ru/catalog/vazy-i-aksessuary/vazy-i-kuvshiny/keramicheskiy-podsvechnik-1317933197/,keramicheskiy-podsvechnik-1317933197,no,"Керамическая ваза ""Форма света""",keramicheskaya-vaza-forma-sveta,,,keramicheskaya-vaza-forma-sveta,,keramicheskaya-vaza-forma-sveta,autotranslit (muru.ru slug has Bitrix suffix),vazy-i-aksessuary,vazy-i-kuvshiny,/catalog/vazy-i-aksessuary/vazy-i-kuvshiny/keramicheskaya-vaza-forma-sveta/
MU0010,"Керамическая ваза ""Форма света""",Вазы и аксессуары,Вазы и кувшины,/catalog/вазы-и-аксессуары/вазы-и-кувшины/MU0010/,https://muru.ru/catalog/vazy-i-aksessuary/vazy-i-kuvshiny/keramicheskiy-podsvechnik-2134917596/,keramicheskiy-podsvechnik-2134917596,no,"Керамическая ваза ""Форма света""",keramicheskaya-vaza-forma-sveta,,,keramicheskaya-vaza-forma-sveta,2,keramicheskaya-vaza-forma-sveta-2,autotranslit (muru.ru slug has Bitrix suffix),vazy-i-aksessuary,vazy-i-kuvshiny,/catalog/vazy-i-aksessuary/vazy-i-kuvshiny/keramicheskaya-vaza-forma-sveta-2/
MU0011,"Керамическая ваза ""Форма света""",Вазы и аксессуары,Вазы и кувшины,/catalog/вазы-и-аксессуары/вазы-и-кувшины/MU0011/,https://muru.ru/catalog/vazy-i-aksessuary/vazy-i-kuvshiny/keramicheskiy-podsvechnik-1985720063/,keramicheskiy-podsvechnik-1985720063,no,"Керамическая ваза ""Форма света""",keramicheskaya-vaza-forma-sveta,,,keramicheskaya-vaza-forma-sveta,3,keramicheskaya-vaza-forma-sveta-3,autotranslit (muru.ru slug has Bitrix suffix),vazy-i-aksessuary,vazy-i-kuvshiny,/catalog/vazy-i-aksessuary/vazy-i-kuvshiny/keramicheskaya-vaza-forma-sveta-3/
MU0012,"Керамическая ваза ""Форма света""",Вазы и аксессуары,Вазы и кувшины,/catalog/вазы-и-аксессуары/вазы-и-кувшины/MU0012/,https://muru.ru/catalog/vazy-i-aksessuary/vazy-i-kuvshiny/keramicheskaya-vaza/,keramicheskaya-vaza,yes,"Керамическая ваза ""Форма света""",keramicheskaya-vaza-forma-sveta,no,no,keramicheskaya-vaza-forma-sveta,4,keramicheskaya-vaza-forma-sveta-4,autotranslit (muru.ru slug describes another product),vazy-i-aksessuary,vazy-i-kuvshiny,/catalog/vazy-i-aksessuary/vazy-i-kuvshiny/keramicheskaya-vaza-forma-sveta-4/
MU0013,"Керамический салатник ""Живая форма""",Кухня и столовая,Посуда,/catalog/кухня-и-столовая/посуда/MU0013/,https://muru.ru/catalog/kukhnya-i-stolovaya/posuda/keramicheskaya-vaza-2085762297/,keramicheskaya-vaza-2085762297,no,"Керамический салатник ""Живая форма""",keramicheskiy-salatnik-zhivaya-forma,,,keramicheskiy-salatnik-zhivaya-forma,,keramicheskiy-salatnik-zhivaya-forma,autotranslit (muru.ru slug has Bitrix suffix),kukhnya-i-stolovaya,posuda,/catalog/kukhnya-i-stolovaya/posuda/keramicheskiy-salatnik-zhivaya-forma/
MU0014,"Суповое блюдо керамическое ""Живая форма""",Кухня и столовая,Посуда,/catalog/кухня-и-столовая/посуда/MU0014/,https://muru.ru/catalog/kukhnya-i-stolovaya/posuda/keramicheskaya-vaza-437262777/,keramicheskaya-vaza-437262777,no,"Суповое блюдо керамическое ""Живая форма""",supovoe-blyudo-keramicheskoe-zhivaya-forma,,,supovoe-blyudo-keramicheskoe-zhivaya-forma,,supovoe-blyudo-keramicheskoe-zhivaya-forma,autotranslit (muru.ru slug has Bitrix suffix),kukhnya-i-stolovaya,posuda,/catalog/kukhnya-i-stolovaya/posuda/supovoe-blyudo-keramicheskoe-zhivaya-forma/
MU0015,"Салатник керамический ""Живая форма""",Кухня и столовая,Посуда,/catalog/кухня-и-столовая/посуда/MU0015/,https://muru.ru/catalog/kukhnya-i-stolovaya/posuda/keramicheskaya-vaza-tikhaya-zemlya/,keramicheskaya-vaza-tikhaya-zemlya,yes,"Салатник керамический ""Живая форма""",salatnik-keramicheskiy-zhivaya-forma,no,no,salatnik-keramicheskiy-zhivaya-forma,,salatnik-keramicheskiy-zhivaya-forma,autotranslit (muru.ru slug describes another product),kukhnya-i-stolovaya,posuda,/catalog/kukhnya-i-stolovaya/posuda/salatnik-keramicheskiy-zhivaya-forma/
MU0016,"Керамическое блюдо с ручками ""Живая форма""",Кухня и столовая,Посуда,/catalog/кухня-и-столовая/посуда/MU0016/,https://muru.ru/catalog/kukhnya-i-stolovaya/posuda/keramicheskaya-vaza-tikhaya-zemlya-763544108/,keramicheskaya-vaza-tikhaya-zemlya-763544108,no,"Керамическое блюдо с ручками ""Живая форма""",keramicheskoe-blyudo-s-ruchkami-zhivaya-forma,,,keramicheskoe-blyudo-s-ruchkami-zhivaya-forma,,keramicheskoe-blyudo-s-ruchkami-zhivaya-forma,autotranslit (muru.ru slug has Bitrix suffix),kukhnya-i-stolovaya,posuda,/catalog/kukhnya-i-stolovaya/posuda/keramicheskoe-blyudo-s-ruchkami-zhivaya-forma/
MU0017,"Керамическое сервировочное блюдо с ручками ""Живая форма""",Кухня и столовая,Посуда,/catalog/кухня-и-столовая/посуда/MU0017/,https://muru.ru/catalog/kukhnya-i-stolovaya/posuda/keramicheskaya-vaza-tikhaya-zemlya-1059066947/,keramicheskaya-vaza-tikhaya-zemlya-1059066947,no,"Керамическое сервировочное блюдо с ручками ""Живая форма""",keramicheskoe-servirovochnoe-blyudo-s-ruchkami-zhivaya-forma,,,keramicheskoe-servirovochnoe-blyudo-s-ruchkami-zhivaya-forma,,keramicheskoe-servirovochnoe-blyudo-s-ruchkami-zhivaya-forma,autotranslit (muru.ru slug has Bitrix suffix),kukhnya-i-stolovaya,posuda,/catalog/kukhnya-i-stolovaya/posuda/keramicheskoe-servirovochnoe-blyudo-s-ruchkami-zhivaya-forma/
MU0018,"Керамическое сервировочное блюдо ""Глубина""",Кухня и столовая,Посуда,/catalog/кухня-и-столовая/посуда/MU0018/,https://muru.ru/catalog/kukhnya-i-stolovaya/posuda/keramicheskaya-vaza-tikhaya-zemlya-1448342283/,keramicheskaya-vaza-tikhaya-zemlya-1448342283,no,"Керамическое сервировочное блюдо ""Глубина""",keramicheskoe-servirovochnoe-blyudo-glubina,,,keramicheskoe-servirovochnoe-blyudo-glubina,,keramicheskoe-servirovochnoe-blyudo-glubina,autotranslit (muru.ru slug has Bitrix suffix),kukhnya-i-stolovaya,posuda,/catalog/kukhnya-i-stolovaya/posuda/keramicheskoe-servirovochnoe-blyudo-glubina/
MU0019,"Керамическая тарелка ""Глубина""",Кухня и столовая,Посуда,/catalog/кухня-и-столовая/посуда/MU0019/,https://muru.ru/catalog/kukhnya-i-stolovaya/posuda/keramicheskaya-vaza-forma-sveta/,keramicheskaya-vaza-forma-sveta,yes,"Керамическая тарелка ""Глубина""",keramicheskaya-tarelka-glubina,no,no,keramicheskaya-tarelka-glubina,,keramicheskaya-tarelka-glubina,autotranslit (muru.ru slug describes another product),kukhnya-i-stolovaya,posuda,/catalog/kukhnya-i-stolovaya/posuda/keramicheskaya-tarelka-glubina/
MU0020,"Керамическая тарелка ""Глубина""",Кухня и столовая,Посуда,/catalog/кухня-и-столовая/посуда/MU0020/,https://muru.ru/catalog/kukhnya-i-stolovaya/posuda/keramicheskaya-vaza-forma-sveta-91552538/,keramicheskaya-vaza-forma-sveta-91552538,no,"Керамическая тарелка ""Глубина""",keramicheskaya-tarelka-glubina,,,keramicheskaya-tarelka-glubina,2,keramicheskaya-tarelka-glubina-2,autotranslit (muru.ru slug has Bitrix suffix),kukhnya-i-stolovaya,posuda,/catalog/kukhnya-i-stolovaya/posuda/keramicheskaya-tarelka-glubina-2/
MU0021,"Керамическая кружка ""Муджи""",Кухня и столовая,Посуда,/catalog/кухня-и-столовая/посуда/MU0021/,https://muru.ru/catalog/kukhnya-i-stolovaya/posuda/keramicheskaya-vaza-forma-sveta-1418829749/,keramicheskaya-vaza-forma-sveta-1418829749,no,"Керамическая кружка ""Муджи""",keramicheskaya-kruzhka-mudzhi,,,keramicheskaya-kruzhka-mudzhi,,keramicheskaya-kruzhka-mudzhi,autotranslit (muru.ru slug has Bitrix suffix),kukhnya-i-stolovaya,posuda,/catalog/kukhnya-i-stolovaya/posuda/keramicheskaya-kruzhka-mudzhi/
MU0022,"Керамическое сервировочное блюдо  ""Муджи""",Кухня и столовая,Посуда,/catalog/кухня-и-столовая/посуда/MU0022/,https://muru.ru/catalog/kukhnya-i-stolovaya/posuda/keramicheskaya-vaza-forma-sveta-1827873292/,keramicheskaya-vaza-forma-sveta-1827873292,no,"Керамическое сервировочное блюдо  ""Муджи""",keramicheskoe-servirovochnoe-blyudo-mudzhi,,,keramicheskoe-servirovochnoe-blyudo-mudzhi,,keramicheskoe-servirovochnoe-blyudo-mudzhi,autotranslit (muru.ru slug has Bitrix suffix),kukhnya-i-stolovaya,posuda,/catalog/kukhnya-i-stolovaya/posuda/keramicheskoe-servirovochnoe-blyudo-mudzhi/
MU0023,"Керамическая чайная пара  ""Муджи""",Кухня и столовая,Посуда,/catalog/кухня-и-столовая/посуда/MU0023/,https://muru.ru/catalog/kukhnya-i-stolovaya/posuda/keramicheskaya-vaza-forma-sveta-535764464/,keramicheskaya-vaza-forma-sveta-535764464,no,"Керамическая чайная пара  ""Муджи""",keramicheskaya-chaynaya-para-mudzhi,,,keramicheskaya-chaynaya-para-mudzhi,,keramicheskaya-chaynaya-para-mudzhi,autotranslit (muru.ru slug has Bitrix suffix),kukhnya-i-stolovaya,posuda,/catalog/kukhnya-i-stolovaya/posuda/keramicheskaya-chaynaya-para-mudzhi/
MU0024,"Керамическая тарелка ""Муджи""",Кухня и столовая,Посуда,/catalog/кухня-и-столовая/посуда/MU0024/,https://muru.ru/catalog/kukhnya-i-stolovaya/posuda/keramicheskaya-vaza-forma-sveta-837140377/,keramicheskaya-vaza-forma-sveta-837140377,no,"Керамическая тарелка ""Муджи""",keramicheskaya-tarelka-mudzhi,,,keramicheskaya-tarelka-mudzhi,,keramicheskaya-tarelka-mudzhi,autotranslit (muru.ru slug has Bitrix suffix),kukhnya-i-stolovaya,posuda,/catalog/kukhnya-i-stolovaya/posuda/keramicheskaya-tarelka-mudzhi/
MU0025,"Керамическая тарелка ""Муджи""",Кухня и столовая,Посуда,/catalog/кухня-и-столовая/посуда/MU0025/,https://muru.ru/catalog/kukhnya-i-stolovaya/posuda/keramicheskaya-vaza-forma-sveta-1982679724/,keramicheskaya-vaza-forma-sveta-1982679724,no,"Керамическая тарелка ""Муджи""",keramicheskaya-tarelka-mudzhi,,,keramicheskaya-tarelka-mudzhi,2,keramicheskaya-tarelka-mudzhi-2,autotranslit (muru.ru slug has Bitrix suffix),kukhnya-i-stolovaya,posuda,/catalog/kukhnya-i-stolovaya/posuda/keramicheskaya-tarelka-mudzhi-2/
MU0026,"Керамическая тарелка ""Муджи""",Кухня и столовая,Посуда,/catalog/кухня-и-столовая/посуда/MU0026/,https://muru.ru/catalog/kukhnya-i-stolovaya/posuda/keramicheskaya-vaza-1330595094/,keramicheskaya-vaza-1330595094,no,"Керамическая тарелка ""Муджи""",keramicheskaya-tarelka-mudzhi,,,keramicheskaya-tarelka-mudzhi,3,keramicheskaya-tarelka-mudzhi-3,autotranslit (muru.ru slug has Bitrix suffix),kukhnya-i-stolovaya,posuda,/catalog/kukhnya-i-stolovaya/posuda/keramicheskaya-tarelka-mudzhi-3/
MU0027,"Керамическая тарелка ""Муджи""",Кухня и столовая,Посуда,/catalog/кухня-и-столовая/посуда/MU0027/,https://muru.ru/catalog/kukhnya-i-stolovaya/posuda/keramicheskaya-vaza-185688339/,keramicheskaya-vaza-185688339,no,"Керамическая тарелка ""Муджи""",keramicheskaya-tarelka-mudzhi,,,keramicheskaya-tarelka-mudzhi,4,keramicheskaya-tarelka-mudzhi-4,autotranslit (muru.ru slug has Bitrix suffix),kukhnya-i-stolovaya,posuda,/catalog/kukhnya-i-stolovaya/posuda/keramicheskaya-tarelka-mudzhi-4/
MU0028,"Керамическая чашка ""Муджи""",Кухня и столовая,Посуда,/catalog/кухня-и-столовая/посуда/MU0028/,https://muru.ru/catalog/kukhnya-i-stolovaya/posuda/keramicheskiy-derzhatel-dlya-salfetok/,keramicheskiy-derzhatel-dlya-salfetok,yes,"Керамическая чашка ""Муджи""",keramicheskaya-chashka-mudzhi,no,no,keramicheskaya-chashka-mudzhi,,keramicheskaya-chashka-mudzhi,autotranslit (muru.ru slug describes another product),kukhnya-i-stolovaya,posuda,/catalog/kukhnya-i-stolovaya/posuda/keramicheskaya-chashka-mudzhi/
MU0029,"Керамический салатник ""Муджи""",Кухня и столовая,Посуда,/catalog/кухня-и-столовая/посуда/MU0029/,https://muru.ru/catalog/kukhnya-i-stolovaya/posuda/podnos-s-rotangovym-osnovaniem/,podnos-s-rotangovym-osnovaniem,yes,"Керамический салатник ""Муджи""",keramicheskiy-salatnik-mudzhi,no,no,keramicheskiy-salatnik-mudzhi,,keramicheskiy-salatnik-mudzhi,autotranslit (muru.ru slug describes another product),kukhnya-i-stolovaya,posuda,/catalog/kukhnya-i-stolovaya/posuda/keramicheskiy-salatnik-mudzhi/
MU0030,"Керамический салатник ""Муджи""",Кухня и столовая,Посуда,/catalog/кухня-и-столовая/посуда/MU0030/,https://muru.ru/catalog/kukhnya-i-stolovaya/posuda/korzina-dlya-khraneniya-s-pletyenoy-vstavkoy/,korzina-dlya-khraneniya-s-pletyenoy-vstavkoy,yes,"Керамический салатник ""Муджи""",keramicheskiy-salatnik-mudzhi,no,no,keramicheskiy-salatnik-mudzhi,2,keramicheskiy-salatnik-mudzhi-2,autotranslit (muru.ru slug describes another product),kukhnya-i-stolovaya,posuda,/catalog/kukhnya-i-stolovaya/posuda/keramicheskiy-salatnik-mudzhi-2/
MU0031,"Керамический салатник ""Волна""",Кухня и столовая,Посуда,/catalog/кухня-и-столовая/посуда/MU0031/,https://muru.ru/catalog/kukhnya-i-stolovaya/posuda/servirovochnoe-blyudo-na-nozhke/,servirovochnoe-blyudo-na-nozhke,yes,"Керамический салатник ""Волна""",keramicheskiy-salatnik-volna,no,no,keramicheskiy-salatnik-volna,,keramicheskiy-salatnik-volna,autotranslit (muru.ru slug describes another product),kukhnya-i-stolovaya,posuda,/catalog/kukhnya-i-stolovaya/posuda/keramicheskiy-salatnik-volna/
MU0032,"Керамическая чашка ""Волна""",Кухня и столовая,Посуда,/catalog/кухня-и-столовая/посуда/MU0032/,https://muru.ru/catalog/kukhnya-i-stolovaya/posuda/keramicheskiy-salatnik-zhivaya-forma/,keramicheskiy-salatnik-zhivaya-forma,yes,"Керамическая чашка ""Волна""",keramicheskaya-chashka-volna,no,no,keramicheskaya-chashka-volna,,keramicheskaya-chashka-volna,autotranslit (muru.ru slug describes another product),kukhnya-i-stolovaya,posuda,/catalog/kukhnya-i-stolovaya/posuda/keramicheskaya-chashka-volna/
MU0033,"Керамический салатник ""Волна""",Кухня и столовая,Посуда,/catalog/кухня-и-столовая/посуда/MU0033/,https://muru.ru/catalog/kukhnya-i-stolovaya/posuda/supovoe-blyudo-keramicheskoe-zhivaya-forma/,supovoe-blyudo-keramicheskoe-zhivaya-forma,yes,"Керамический салатник ""Волна""",keramicheskiy-salatnik-volna,no,no,keramicheskiy-salatnik-volna,2,keramicheskiy-salatnik-volna-2,autotranslit (muru.ru slug describes another product),kukhnya-i-stolovaya,posuda,/catalog/kukhnya-i-stolovaya/posuda/keramicheskiy-salatnik-volna-2/
MU0034,"Керамическое блюдце ""Волна""",Кухня и столовая,Посуда,/catalog/кухня-и-столовая/посуда/MU0034/,https://muru.ru/catalog/kukhnya-i-stolovaya/posuda/salatnik-keramicheskiy-zhivaya-forma/,salatnik-keramicheskiy-zhivaya-forma,yes,"Керамическое блюдце ""Волна""",keramicheskoe-blyudtse-volna,no,no,keramicheskoe-blyudtse-volna,,keramicheskoe-blyudtse-volna,autotranslit (muru.ru slug describes another product),kukhnya-i-stolovaya,posuda,/catalog/kukhnya-i-stolovaya/posuda/keramicheskoe-blyudtse-volna/
MU0035,"Керамическое сервировочное блюдо ""Линия""",Кухня и столовая,Посуда,/catalog/кухня-и-столовая/посуда/MU0035/,https://muru.ru/catalog/kukhnya-i-stolovaya/posuda/keramicheskoe-blyudo-s-ruchkami-zhivaya-forma/,keramicheskoe-blyudo-s-ruchkami-zhivaya-forma,yes,"Керамическое сервировочное блюдо ""Линия""",keramicheskoe-servirovochnoe-blyudo-liniya,no,no,keramicheskoe-servirovochnoe-blyudo-liniya,,keramicheskoe-servirovochnoe-blyudo-liniya,autotranslit (muru.ru slug describes another product),kukhnya-i-stolovaya,posuda,/catalog/kukhnya-i-stolovaya/posuda/keramicheskoe-servirovochnoe-blyudo-liniya/
MU0036,"Керамическое глубокое блюдо ""Линия""",Кухня и столовая,Посуда,/catalog/кухня-и-столовая/посуда/MU0036/,https://muru.ru/catalog/kukhnya-i-stolovaya/posuda/keramicheskoe-servirovochnoe-blyudo-s-ruchkami-zhivaya-forma/,keramicheskoe-servirovochnoe-blyudo-s-ruchkami-zhivaya-forma,yes,"Керамическое глубокое блюдо ""Линия""",keramicheskoe-glubokoe-blyudo-liniya,no,no,keramicheskoe-glubokoe-blyudo-liniya,,keramicheskoe-glubokoe-blyudo-liniya,autotranslit (muru.ru slug describes another product),kukhnya-i-stolovaya,posuda,/catalog/kukhnya-i-stolovaya/posuda/keramicheskoe-glubokoe-blyudo-liniya/
MU0037,"Керамический салатник ""Линия""",Кухня и столовая,Посуда,/catalog/кухня-и-столовая/посуда/MU0037/,https://muru.ru/catalog/kukhnya-i-stolovaya/posuda/keramicheskoe-servirovochnoe-blyudo-glubina/,keramicheskoe-servirovochnoe-blyudo-glubina,yes,"Керамический салатник ""Линия""",keramicheskiy-salatnik-liniya,no,no,keramicheskiy-salatnik-liniya,,keramicheskiy-salatnik-liniya,autotranslit (muru.ru slug describes another product),kukhnya-i-stolovaya,posuda,/catalog/kukhnya-i-stolovaya/posuda/keramicheskiy-salatnik-liniya/
MU0038,"Керамическая ваза ""Глина""",Вазы и аксессуары,Вазы и кувшины,/catalog/вазы-и-аксессуары/вазы-и-кувшины/MU0038/,https://muru.ru/catalog/vazy-i-aksessuary/vazy-i-kuvshiny/keramicheskaya-tarelka-glubina/,keramicheskaya-tarelka-glubina,yes,"Керамическая ваза ""Глина""",keramicheskaya-vaza-glina,no,no,keramicheskaya-vaza-glina,,keramicheskaya-vaza-glina,autotranslit (muru.ru slug describes another product),vazy-i-aksessuary,vazy-i-kuvshiny,/catalog/vazy-i-aksessuary/vazy-i-kuvshiny/keramicheskaya-vaza-glina/
MU0039,"Керамическое сервировочное блюдо ""Глина""",Кухня и столовая,Посуда,/catalog/кухня-и-столовая/посуда/MU0039/,https://muru.ru/catalog/kukhnya-i-stolovaya/posuda/keramicheskaya-tarelka-glubina-704636890/,keramicheskaya-tarelka-glubina-704636890,no,"Керамическое сервировочное блюдо ""Глина""",keramicheskoe-servirovochnoe-blyudo-glina,,,keramicheskoe-servirovochnoe-blyudo-glina,,keramicheskoe-servirovochnoe-blyudo-glina,autotranslit (muru.ru slug has Bitrix suffix),kukhnya-i-stolovaya,posuda,/catalog/kukhnya-i-stolovaya/posuda/keramicheskoe-servirovochnoe-blyudo-glina/
MU0040,Керамический салатник,Кухня и столовая,Посуда,/catalog/кухня-и-столовая/посуда/MU0040/,https://muru.ru/catalog/kukhnya-i-stolovaya/posuda/keramicheskaya-kruzhka-mudzhi/,keramicheskaya-kruzhka-mudzhi,yes,Керамический салатник,keramicheskiy-salatnik,no,no,keramicheskiy-salatnik,,keramicheskiy-salatnik,autotranslit (muru.ru slug describes another product),kukhnya-i-stolovaya,posuda,/catalog/kukhnya-i-stolovaya/posuda/keramicheskiy-salatnik/
MU0041,"Керамическое глубокое блюдо ""Форма""",Кухня и столовая,Посуда,/catalog/кухня-и-столовая/посуда/MU0041/,https://muru.ru/catalog/kukhnya-i-stolovaya/posuda/keramicheskoe-servirovochnoe-blyudo-mudzhi/,keramicheskoe-servirovochnoe-blyudo-mudzhi,yes,"Керамическое глубокое блюдо ""Форма""",keramicheskoe-glubokoe-blyudo-forma,no,no,keramicheskoe-glubokoe-blyudo-forma,,keramicheskoe-glubokoe-blyudo-forma,autotranslit (muru.ru slug describes another product),kukhnya-i-stolovaya,posuda,/catalog/kukhnya-i-stolovaya/posuda/keramicheskoe-glubokoe-blyudo-forma/
MU0042,"Керамическое блюдо ""Форма""",Кухня и столовая,Посуда,/catalog/кухня-и-столовая/посуда/MU0042/,https://muru.ru/catalog/kukhnya-i-stolovaya/posuda/keramicheskaya-chaynaya-para-mudzhi/,keramicheskaya-chaynaya-para-mudzhi,yes,"Керамическое блюдо ""Форма""",keramicheskoe-blyudo-forma,no,no,keramicheskoe-blyudo-forma,,keramicheskoe-blyudo-forma,autotranslit (muru.ru slug describes another product),kukhnya-i-stolovaya,posuda,/catalog/kukhnya-i-stolovaya/posuda/keramicheskoe-blyudo-forma/
MU0043,"Керамическое блюдо ""Форма""",Кухня и столовая,Посуда,/catalog/кухня-и-столовая/посуда/MU0043/,https://muru.ru/catalog/kukhnya-i-stolovaya/posuda/keramicheskaya-tarelka-mudzhi/,keramicheskaya-tarelka-mudzhi,yes,"Керамическое блюдо ""Форма""",keramicheskoe-blyudo-forma,no,no,keramicheskoe-blyudo-forma,2,keramicheskoe-blyudo-forma-2,autotranslit (muru.ru slug describes another product),kukhnya-i-stolovaya,posuda,/catalog/kukhnya-i-stolovaya/posuda/keramicheskoe-blyudo-forma-2/
MU0044,"Керамическое блюдо ""Форма""",Кухня и столовая,Посуда,/catalog/кухня-и-столовая/посуда/MU0044/,https://muru.ru/catalog/kukhnya-i-stolovaya/posuda/keramicheskaya-tarelka-mudzhi-338124405/,keramicheskaya-tarelka-mudzhi-338124405,no,"Керамическое блюдо ""Форма""",keramicheskoe-blyudo-forma,,,keramicheskoe-blyudo-forma,3,keramicheskoe-blyudo-forma-3,autotranslit (muru.ru slug has Bitrix suffix),kukhnya-i-stolovaya,posuda,/catalog/kukhnya-i-stolovaya/posuda/keramicheskoe-blyudo-forma-3/
MU0045,"Льняная салфетка для сервировки ""Тихий дом""",Кухня и столовая,Сервировка,/catalog/кухня-и-столовая/сервировка/MU0045/,https://muru.ru/catalog/kukhnya-i-stolovaya/servirovka/lnyanaya-salfetka-dlya-servirovki-tikhiy-dom-80520441/,lnyanaya-salfetka-dlya-servirovki-tikhiy-dom-80520441,no,"Льняная салфетка для сервировки ""Тихий дом""",lnyanaya-salfetka-dlya-servirovki-tikhiy-dom,,,lnyanaya-salfetka-dlya-servirovki-tikhiy-dom,,lnyanaya-salfetka-dlya-servirovki-tikhiy-dom,autotranslit (muru.ru slug has Bitrix suffix),kukhnya-i-stolovaya,servirovka,/catalog/kukhnya-i-stolovaya/servirovka/lnyanaya-salfetka-dlya-servirovki-tikhiy-dom/
MU0046,"Льняная салфетка для сервировки ""Тихий дом""",Кухня и столовая,Сервировка,/catalog/кухня-и-столовая/сервировка/MU0046/,https://muru.ru/catalog/kukhnya-i-stolovaya/servirovka/lnyanaya-salfetka-dlya-servirovki-tikhiy-dom-1454312601/,lnyanaya-salfetka-dlya-servirovki-tikhiy-dom-1454312601,no,"Льняная салфетка для сервировки ""Тихий дом""",lnyanaya-salfetka-dlya-servirovki-tikhiy-dom,,,lnyanaya-salfetka-dlya-servirovki-tikhiy-dom,2,lnyanaya-salfetka-dlya-servirovki-tikhiy-dom-2,autotranslit (muru.ru slug has Bitrix suffix),kukhnya-i-stolovaya,servirovka,/catalog/kukhnya-i-stolovaya/servirovka/lnyanaya-salfetka-dlya-servirovki-tikhiy-dom-2/
MU0047,"Льняная салфетка для сервировки ""Тихий дом""",Кухня и столовая,Сервировка,/catalog/кухня-и-столовая/сервировка/MU0047/,https://muru.ru/catalog/kukhnya-i-stolovaya/servirovka/keramicheskaya-chashka-mudzhi/,keramicheskaya-chashka-mudzhi,yes,"Льняная салфетка для сервировки ""Тихий дом""",lnyanaya-salfetka-dlya-servirovki-tikhiy-dom,no,no,lnyanaya-salfetka-dlya-servirovki-tikhiy-dom,3,lnyanaya-salfetka-dlya-servirovki-tikhiy-dom-3,autotranslit (muru.ru slug describes another product),kukhnya-i-stolovaya,servirovka,/catalog/kukhnya-i-stolovaya/servirovka/lnyanaya-salfetka-dlya-servirovki-tikhiy-dom-3/
MU0048,Льняная салфетка для сервировки,Кухня и столовая,Сервировка,/catalog/кухня-и-столовая/сервировка/MU0048/,https://muru.ru/catalog/kukhnya-i-stolovaya/servirovka/keramicheskiy-salatnik-mudzhi/,keramicheskiy-salatnik-mudzhi,yes,"Льняная салфетка для сервировки ""Тихий дом""",lnyanaya-salfetka-dlya-servirovki,no,no,lnyanaya-salfetka-dlya-servirovki,,lnyanaya-salfetka-dlya-servirovki,autotranslit (muru.ru slug describes another product),kukhnya-i-stolovaya,servirovka,/catalog/kukhnya-i-stolovaya/servirovka/lnyanaya-salfetka-dlya-servirovki/
MU0049,"Льняная салфетка для сервировки ""Тихий дом""",Кухня и столовая,Сервировка,/catalog/кухня-и-столовая/сервировка/MU0049/,https://muru.ru/catalog/kukhnya-i-stolovaya/servirovka/keramicheskiy-salatnik-mudzhi-659747532/,keramicheskiy-salatnik-mudzhi-659747532,no,"Льняная салфетка для сервировки ""Тихий дом""",lnyanaya-salfetka-dlya-servirovki-tikhiy-dom,,,lnyanaya-salfetka-dlya-servirovki-tikhiy-dom,4,lnyanaya-salfetka-dlya-servirovki-tikhiy-dom-4,autotranslit (muru.ru slug has Bitrix suffix),kukhnya-i-stolovaya,servirovka,/catalog/kukhnya-i-stolovaya/servirovka/lnyanaya-salfetka-dlya-servirovki-tikhiy-dom-4/
MU0050,"Льняная скатерть ""Тихий дом""",Кухня и столовая,Текстиль для кухни и столовой,/catalog/кухня-и-столовая/текстиль-для-кухни-и-столовой/MU0050/,https://muru.ru/catalog/kukhnya-i-stolovaya/tekstil-dlya-kukhni-i-stolovoy/keramicheskiy-salatnik-volna/,keramicheskiy-salatnik-volna,yes,"Льняная скатерть ""Тихий дом""",lnyanaya-skatert-tikhiy-dom,no,no,lnyanaya-skatert-tikhiy-dom,,lnyanaya-skatert-tikhiy-dom,autotranslit (muru.ru slug describes another product),kukhnya-i-stolovaya,tekstil-dlya-kukhni-i-stolovoy,/catalog/kukhnya-i-stolovaya/tekstil-dlya-kukhni-i-stolovoy/lnyanaya-skatert-tikhiy-dom/
MU0051,"Льняная скатерть ""Тихий дом""",Кухня и столовая,Текстиль для кухни и столовой,/catalog/кухня-и-столовая/текстиль-для-кухни-и-столовой/MU0051/,https://muru.ru/catalog/kukhnya-i-stolovaya/tekstil-dlya-kukhni-i-stolovoy/keramicheskaya-chashka-volna/,keramicheskaya-chashka-volna,yes,"Льняная скатерть ""Тихий дом""",lnyanaya-skatert-tikhiy-dom,no,no,lnyanaya-skatert-tikhiy-dom,2,lnyanaya-skatert-tikhiy-dom-2,autotranslit (muru.ru slug describes another product),kukhnya-i-stolovaya,tekstil-dlya-kukhni-i-stolovoy,/catalog/kukhnya-i-stolovaya/tekstil-dlya-kukhni-i-stolovoy/lnyanaya-skatert-tikhiy-dom-2/
MU0052,"Льняная скатерть ""Тихий дом""",Кухня и столовая,Текстиль для кухни и столовой,/catalog/кухня-и-столовая/текстиль-для-кухни-и-столовой/MU0052/,https://muru.ru/catalog/kukhnya-i-stolovaya/tekstil-dlya-kukhni-i-stolovoy/keramicheskiy-salatnik-volna-158348177/,keramicheskiy-salatnik-volna-158348177,no,"Льняная скатерть ""Тихий дом""",lnyanaya-skatert-tikhiy-dom,,,lnyanaya-skatert-tikhiy-dom,3,lnyanaya-skatert-tikhiy-dom-3,autotranslit (muru.ru slug has Bitrix suffix),kukhnya-i-stolovaya,tekstil-dlya-kukhni-i-stolovoy,/catalog/kukhnya-i-stolovaya/tekstil-dlya-kukhni-i-stolovoy/lnyanaya-skatert-tikhiy-dom-3/
MU0053,"Льняная скатерть ""Тихий дом""",Кухня и столовая,Текстиль для кухни и столовой,/catalog/кухня-и-столовая/текстиль-для-кухни-и-столовой/MU0053/,https://muru.ru/catalog/kukhnya-i-stolovaya/tekstil-dlya-kukhni-i-stolovoy/keramicheskoe-blyudtse-volna/,keramicheskoe-blyudtse-volna,yes,"Льняная скатерть ""Тихий дом""",lnyanaya-skatert-tikhiy-dom,no,no,lnyanaya-skatert-tikhiy-dom,4,lnyanaya-skatert-tikhiy-dom-4,autotranslit (muru.ru slug describes another product),kukhnya-i-stolovaya,tekstil-dlya-kukhni-i-stolovoy,/catalog/kukhnya-i-stolovaya/tekstil-dlya-kukhni-i-stolovoy/lnyanaya-skatert-tikhiy-dom-4/
MU0054,"Льняная скатерть ""Тихий дом""",Кухня и столовая,Текстиль для кухни и столовой,/catalog/кухня-и-столовая/текстиль-для-кухни-и-столовой/MU0054/,https://muru.ru/catalog/kukhnya-i-stolovaya/tekstil-dlya-kukhni-i-stolovoy/keramicheskoe-servirovochnoe-blyudo-liniya/,keramicheskoe-servirovochnoe-blyudo-liniya,yes,"Льняная скатерть ""Тихий дом""",lnyanaya-skatert-tikhiy-dom,no,no,lnyanaya-skatert-tikhiy-dom,5,lnyanaya-skatert-tikhiy-dom-5,autotranslit (muru.ru slug describes another product),kukhnya-i-stolovaya,tekstil-dlya-kukhni-i-stolovoy,/catalog/kukhnya-i-stolovaya/tekstil-dlya-kukhni-i-stolovoy/lnyanaya-skatert-tikhiy-dom-5/
MU0055,"Постельное бельё ""Тишина""- натуральный неокрашенный хлопок",Текстиль,Спальня,/catalog/текстиль/спальня/MU0055/,https://muru.ru/catalog/tekstil/spalnya/keramicheskoe-glubokoe-blyudo-liniya/,keramicheskoe-glubokoe-blyudo-liniya,yes,"Постельное бельё ""Тишина""- натуральный неокрашенный хлопок",postelnoe-bele-tishina-naturalnyy-neokrashennyy-khlopok,no,no,postelnoe-bele-tishina-naturalnyy-neokrashennyy-khlopok,,postelnoe-bele-tishina-naturalnyy-neokrashennyy-khlopok,autotranslit (muru.ru slug describes another product),tekstil,spalnya,/catalog/tekstil/spalnya/postelnoe-bele-tishina-naturalnyy-neokrashennyy-khlopok/
MU0056,"Постельное бельё ""Тишина""- натуральный неокрашенный хлопок",Текстиль,Спальня,/catalog/текстиль/спальня/MU0056/,https://muru.ru/catalog/tekstil/spalnya/keramicheskiy-salatnik-liniya/,keramicheskiy-salatnik-liniya,yes,"Постельное бельё ""Тишина""- натуральный неокрашенный хлопок",postelnoe-bele-tishina-naturalnyy-neokrashennyy-khlopok,no,no,postelnoe-bele-tishina-naturalnyy-neokrashennyy-khlopok,2,postelnoe-bele-tishina-naturalnyy-neokrashennyy-khlopok-2,autotranslit (muru.ru slug describes another product),tekstil,spalnya,/catalog/tekstil/spalnya/postelnoe-bele-tishina-naturalnyy-neokrashennyy-khlopok-2/
MU0057,"Постельное бельё ""Тишина""- натуральный неокрашенный хлопок",Текстиль,Спальня,/catalog/текстиль/спальня/MU0057/,https://muru.ru/catalog/tekstil/spalnya/dekorativnye-podstavki-dlya-knig-s-imitatsiey-knig/,dekorativnye-podstavki-dlya-knig-s-imitatsiey-knig,yes,"Постельное бельё ""Тишина""- натуральный неокрашенный хлопок",postelnoe-bele-tishina-naturalnyy-neokrashennyy-khlopok,no,no,postelnoe-bele-tishina-naturalnyy-neokrashennyy-khlopok,3,postelnoe-bele-tishina-naturalnyy-neokrashennyy-khlopok-3,autotranslit (muru.ru slug describes another product),tekstil,spalnya,/catalog/tekstil/spalnya/postelnoe-bele-tishina-naturalnyy-neokrashennyy-khlopok-3/
MU0058,"Постельное бельё ""Тишина""- натуральный неокрашенный хлопок",Текстиль,Спальня,/catalog/текстиль/спальня/MU0058/,https://muru.ru/catalog/tekstil/spalnya/dekorativnye-podstavki-dlya-knig/,dekorativnye-podstavki-dlya-knig,yes,"Постельное бельё ""Тишина""- натуральный неокрашенный хлопок",postelnoe-bele-tishina-naturalnyy-neokrashennyy-khlopok,no,no,postelnoe-bele-tishina-naturalnyy-neokrashennyy-khlopok,4,postelnoe-bele-tishina-naturalnyy-neokrashennyy-khlopok-4,autotranslit (muru.ru slug describes another product),tekstil,spalnya,/catalog/tekstil/spalnya/postelnoe-bele-tishina-naturalnyy-neokrashennyy-khlopok-4/
MU0059,"Постельное бельё ""Тишина""- натуральный неокрашенный хлопок",Текстиль,Спальня,/catalog/текстиль/спальня/MU0059/,https://muru.ru/catalog/tekstil/spalnya/nastolnaya-lampa-s-tkanevym-abazhurom/,nastolnaya-lampa-s-tkanevym-abazhurom,yes,"Постельное бельё ""Тишина""- натуральный неокрашенный хлопок",postelnoe-bele-tishina-naturalnyy-neokrashennyy-khlopok,no,no,postelnoe-bele-tishina-naturalnyy-neokrashennyy-khlopok,5,postelnoe-bele-tishina-naturalnyy-neokrashennyy-khlopok-5,autotranslit (muru.ru slug describes another product),tekstil,spalnya,/catalog/tekstil/spalnya/postelnoe-bele-tishina-naturalnyy-neokrashennyy-khlopok-5/
MU0060,"Постельное бельё ""Тишина""- натуральный неокрашенный хлопок",Текстиль,Спальня,/catalog/текстиль/спальня/MU0060/,https://muru.ru/catalog/tekstil/spalnya/nastolnaya-lampa-s-keramicheskim-osnovaniem/,nastolnaya-lampa-s-keramicheskim-osnovaniem,yes,"Постельное бельё ""Тишина""- натуральный неокрашенный хлопок",postelnoe-bele-tishina-naturalnyy-neokrashennyy-khlopok,no,no,postelnoe-bele-tishina-naturalnyy-neokrashennyy-khlopok,6,postelnoe-bele-tishina-naturalnyy-neokrashennyy-khlopok-6,autotranslit (muru.ru slug describes another product),tekstil,spalnya,/catalog/tekstil/spalnya/postelnoe-bele-tishina-naturalnyy-neokrashennyy-khlopok-6/
MU0061,"Ваза стеклянная ""Blown""",Вазы и аксессуары,Вазы и кувшины,/catalog/вазы-и-аксессуары/вазы-и-кувшины/MU0061/,https://muru.ru/catalog/vazy-i-aksessuary/vazy-i-kuvshiny/keramicheskaya-vaza-glina/,keramicheskaya-vaza-glina,yes,"Ваза стеклянная ""Blown""",vaza-steklyannaya-blown,no,no,vaza-steklyannaya-blown,,vaza-steklyannaya-blown,autotranslit (muru.ru slug describes another product),vazy-i-aksessuary,vazy-i-kuvshiny,/catalog/vazy-i-aksessuary/vazy-i-kuvshiny/vaza-steklyannaya-blown/
MU0062,"Ваза стеклянная ""Баттер""",Вазы и аксессуары,Вазы и кувшины,/catalog/вазы-и-аксессуары/вазы-и-кувшины/MU0062/,https://muru.ru/catalog/vazy-i-aksessuary/vazy-i-kuvshiny/keramicheskoe-servirovochnoe-blyudo-glina/,keramicheskoe-servirovochnoe-blyudo-glina,yes,"Ваза стеклянная ""Баттер""",vaza-steklyannaya-batter,no,no,vaza-steklyannaya-batter,,vaza-steklyannaya-batter,autotranslit (muru.ru slug describes another product),vazy-i-aksessuary,vazy-i-kuvshiny,/catalog/vazy-i-aksessuary/vazy-i-kuvshiny/vaza-steklyannaya-batter/
MU0063,"Ваза стеклянная ""Грэй""",Вазы и аксессуары,Вазы и кувшины,/catalog/вазы-и-аксессуары/вазы-и-кувшины/MU0063/,https://muru.ru/catalog/vazy-i-aksessuary/vazy-i-kuvshiny/vaza-steklyannaya-grey-644222884/,vaza-steklyannaya-grey-644222884,no,"Ваза стеклянная ""Грэй""",vaza-steklyannaya-grey,,,vaza-steklyannaya-grey,,vaza-steklyannaya-grey,autotranslit (muru.ru slug has Bitrix suffix),vazy-i-aksessuary,vazy-i-kuvshiny,/catalog/vazy-i-aksessuary/vazy-i-kuvshiny/vaza-steklyannaya-grey/
MU0064,"Ваза стеклянная ""Грэй""",Вазы и аксессуары,Вазы и кувшины,/catalog/вазы-и-аксессуары/вазы-и-кувшины/MU0064/,https://muru.ru/catalog/vazy-i-aksessuary/vazy-i-kuvshiny/vaza-steklyannaya-grey-833320905/,vaza-steklyannaya-grey-833320905,no,"Ваза стеклянная ""Грэй""",vaza-steklyannaya-grey,,,vaza-steklyannaya-grey,2,vaza-steklyannaya-grey-2,autotranslit (muru.ru slug has Bitrix suffix),vazy-i-aksessuary,vazy-i-kuvshiny,/catalog/vazy-i-aksessuary/vazy-i-kuvshiny/vaza-steklyannaya-grey-2/
MU0065,"Ваза стеклянная ""Всплеск""",Вазы и аксессуары,Вазы и кувшины,/catalog/вазы-и-аксессуары/вазы-и-кувшины/MU0065/,https://muru.ru/catalog/vazy-i-aksessuary/vazy-i-kuvshiny/vaza-steklyannaya-vsplesk-103139271/,vaza-steklyannaya-vsplesk-103139271,no,"Ваза стеклянная ""Всплеск""",vaza-steklyannaya-vsplesk,,,vaza-steklyannaya-vsplesk,,vaza-steklyannaya-vsplesk,autotranslit (muru.ru slug has Bitrix suffix),vazy-i-aksessuary,vazy-i-kuvshiny,/catalog/vazy-i-aksessuary/vazy-i-kuvshiny/vaza-steklyannaya-vsplesk/
MU0066,"Ваза стеклянная ""Тюльпан""",Вазы и аксессуары,Вазы и кувшины,/catalog/вазы-и-аксессуары/вазы-и-кувшины/MU0066/,https://muru.ru/catalog/vazy-i-aksessuary/vazy-i-kuvshiny/vaza-steklyannaya-tyulpan-424813474/,vaza-steklyannaya-tyulpan-424813474,no,"Ваза стеклянная ""Тюльпан""",vaza-steklyannaya-tyulpan,,,vaza-steklyannaya-tyulpan,,vaza-steklyannaya-tyulpan,autotranslit (muru.ru slug has Bitrix suffix),vazy-i-aksessuary,vazy-i-kuvshiny,/catalog/vazy-i-aksessuary/vazy-i-kuvshiny/vaza-steklyannaya-tyulpan/
MU0067,"Ваза стеклянная ""Тюльпан""",Вазы и аксессуары,Вазы и кувшины,/catalog/вазы-и-аксессуары/вазы-и-кувшины/MU0067/,https://muru.ru/catalog/vazy-i-aksessuary/vazy-i-kuvshiny/vaza-steklyannaya-tyulpan-1140600954/,vaza-steklyannaya-tyulpan-1140600954,no,"Ваза стеклянная ""Тюльпан""",vaza-steklyannaya-tyulpan,,,vaza-steklyannaya-tyulpan,2,vaza-steklyannaya-tyulpan-2,autotranslit (muru.ru slug has Bitrix suffix),vazy-i-aksessuary,vazy-i-kuvshiny,/catalog/vazy-i-aksessuary/vazy-i-kuvshiny/vaza-steklyannaya-tyulpan-2/
MU0068,"Ваза стеклянная ""Ваби Саби""",Вазы и аксессуары,Вазы и кувшины,/catalog/вазы-и-аксессуары/вазы-и-кувшины/MU0068/,https://muru.ru/catalog/vazy-i-aksessuary/vazy-i-kuvshiny/derzhatel-dlya-salfetok/,derzhatel-dlya-salfetok,yes,"Ваза стеклянная ""Ваби Саби""",vaza-steklyannaya-vabi-sabi,no,no,vaza-steklyannaya-vabi-sabi,,vaza-steklyannaya-vabi-sabi,autotranslit (muru.ru slug describes another product),vazy-i-aksessuary,vazy-i-kuvshiny,/catalog/vazy-i-aksessuary/vazy-i-kuvshiny/vaza-steklyannaya-vabi-sabi/
MU0069,"Керамическое кашпо ""Винтаж""",Флористика,Горшки и кашпо,/catalog/флористика/горшки-и-кашпо/MU0069/,https://muru.ru/catalog/floristika-dlya-doma/gorshki-i-kashpo/derzhatel-dlya-salfetok-1469644078/,derzhatel-dlya-salfetok-1469644078,no,"Керамическое кашпо ""Винтаж""",keramicheskoe-kashpo-vintazh,,,keramicheskoe-kashpo-vintazh,,keramicheskoe-kashpo-vintazh,autotranslit (muru.ru slug has Bitrix suffix),floristika-dlya-doma,gorshki-i-kashpo,/catalog/floristika-dlya-doma/gorshki-i-kashpo/keramicheskoe-kashpo-vintazh/
MU0070,"Керамическое кашпо ""Винтаж""",Флористика,Горшки и кашпо,/catalog/флористика/горшки-и-кашпо/MU0070/,https://muru.ru/catalog/floristika-dlya-doma/gorshki-i-kashpo/lnyanaya-salfetka-dlya-servirovki-tikhiy-dom/,lnyanaya-salfetka-dlya-servirovki-tikhiy-dom,yes,"Керамическое кашпо ""Винтаж""",keramicheskoe-kashpo-vintazh,no,no,keramicheskoe-kashpo-vintazh,2,keramicheskoe-kashpo-vintazh-2,autotranslit (muru.ru slug describes another product),floristika-dlya-doma,gorshki-i-kashpo,/catalog/floristika-dlya-doma/gorshki-i-kashpo/keramicheskoe-kashpo-vintazh-2/
MU0071,"Керамическое кашпо ""Винтаж""",Флористика,Горшки и кашпо,/catalog/флористика/горшки-и-кашпо/MU0071/,https://muru.ru/catalog/floristika-dlya-doma/gorshki-i-kashpo/lnyanaya-salfetka-dlya-servirovki-tikhiy-dom-872783490/,lnyanaya-salfetka-dlya-servirovki-tikhiy-dom-872783490,no,"Керамическое кашпо ""Винтаж""",keramicheskoe-kashpo-vintazh,,,keramicheskoe-kashpo-vintazh,3,keramicheskoe-kashpo-vintazh-3,autotranslit (muru.ru slug has Bitrix suffix),floristika-dlya-doma,gorshki-i-kashpo,/catalog/floristika-dlya-doma/gorshki-i-kashpo/keramicheskoe-kashpo-vintazh-3/
MU0072,"Керамическое кашпо ""Винтаж""",Флористика,Горшки и кашпо,/catalog/флористика/горшки-и-кашпо/MU0072/,https://muru.ru/catalog/floristika-dlya-doma/gorshki-i-kashpo/lnyanaya-salfetka-dlya-servirovki-tikhiy-dom-1082431572/,lnyanaya-salfetka-dlya-servirovki-tikhiy-dom-1082431572,no,"Керамическое кашпо ""Винтаж""",keramicheskoe-kashpo-vintazh,,,keramicheskoe-kashpo-vintazh,4,keramicheskoe-kashpo-vintazh-4,autotranslit (muru.ru slug has Bitrix suffix),floristika-dlya-doma,gorshki-i-kashpo,/catalog/floristika-dlya-doma/gorshki-i-kashpo/keramicheskoe-kashpo-vintazh-4/
MU0073,"Подсвечник металлический ""Кувшинка""",Вазы и аксессуары,Подсвечники,/catalog/вазы-и-аксессуары/подсвечники/MU0073/,https://muru.ru/catalog/vazy-i-aksessuary/podsvechniki/podsvechnik-metallicheskiy-kuvshinka-536130928/,podsvechnik-metallicheskiy-kuvshinka-536130928,no,"Подсвечник металлический ""Кувшинка""",podsvechnik-metallicheskiy-kuvshinka,,,podsvechnik-metallicheskiy-kuvshinka,,podsvechnik-metallicheskiy-kuvshinka,autotranslit (muru.ru slug has Bitrix suffix),vazy-i-aksessuary,podsvechniki,/catalog/vazy-i-aksessuary/podsvechniki/podsvechnik-metallicheskiy-kuvshinka/
MU0074,"Подсвечник металлический ""Кувшинка""",Вазы и аксессуары,Подсвечники,/catalog/вазы-и-аксессуары/подсвечники/MU0074/,https://muru.ru/catalog/vazy-i-aksessuary/podsvechniki/podsvechnik-metallicheskiy-kuvshinka-1065785778/,podsvechnik-metallicheskiy-kuvshinka-1065785778,no,"Подсвечник металлический ""Кувшинка""",podsvechnik-metallicheskiy-kuvshinka,,,podsvechnik-metallicheskiy-kuvshinka,2,podsvechnik-metallicheskiy-kuvshinka-2,autotranslit (muru.ru slug has Bitrix suffix),vazy-i-aksessuary,podsvechniki,/catalog/vazy-i-aksessuary/podsvechniki/podsvechnik-metallicheskiy-kuvshinka-2/
MU0075,"Подсвечник керамический ""Кувшинка""",Вазы и аксессуары,Подсвечники,/catalog/вазы-и-аксессуары/подсвечники/MU0075/,https://muru.ru/catalog/vazy-i-aksessuary/podsvechniki/lnyanaya-skatert-tikhiy-dom/,lnyanaya-skatert-tikhiy-dom,yes,"Подсвечник керамический ""Кувшинка""",podsvechnik-keramicheskiy-kuvshinka,no,no,podsvechnik-keramicheskiy-kuvshinka,,podsvechnik-keramicheskiy-kuvshinka,autotranslit (muru.ru slug describes another product),vazy-i-aksessuary,podsvechniki,/catalog/vazy-i-aksessuary/podsvechniki/podsvechnik-keramicheskiy-kuvshinka/
MU0076,"Ваза стеклянная ""Ритм""",Вазы и аксессуары,Вазы и кувшины,/catalog/вазы-и-аксессуары/вазы-и-кувшины/MU0076/,https://muru.ru/catalog/vazy-i-aksessuary/vazy-i-kuvshiny/lnyanaya-skatert-tikhiy-dom-76750412/,lnyanaya-skatert-tikhiy-dom-76750412,no,"Ваза стеклянная ""Ритм""",vaza-steklyannaya-ritm,,,vaza-steklyannaya-ritm,,vaza-steklyannaya-ritm,autotranslit (muru.ru slug has Bitrix suffix),vazy-i-aksessuary,vazy-i-kuvshiny,/catalog/vazy-i-aksessuary/vazy-i-kuvshiny/vaza-steklyannaya-ritm/
MU0077,"Ваза стеклянная ""Всплеск""",Вазы и аксессуары,Вазы и кувшины,/catalog/вазы-и-аксессуары/вазы-и-кувшины/MU0077/,https://muru.ru/catalog/vazy-i-aksessuary/vazy-i-kuvshiny/lnyanaya-skatert-tikhiy-dom-1139312163/,lnyanaya-skatert-tikhiy-dom-1139312163,no,"Ваза стеклянная ""Всплеск""",vaza-steklyannaya-vsplesk,,,vaza-steklyannaya-vsplesk,2,vaza-steklyannaya-vsplesk-2,autotranslit (muru.ru slug has Bitrix suffix),vazy-i-aksessuary,vazy-i-kuvshiny,/catalog/vazy-i-aksessuary/vazy-i-kuvshiny/vaza-steklyannaya-vsplesk-2/
MU0078,"Ваза стеклянная ""Wabi Sabi""",Вазы и аксессуары,Вазы и кувшины,/catalog/вазы-и-аксессуары/вазы-и-кувшины/MU0078/,https://muru.ru/catalog/vazy-i-aksessuary/vazy-i-kuvshiny/lnyanaya-skatert-tikhiy-dom-884540452/,lnyanaya-skatert-tikhiy-dom-884540452,no,"Ваза стеклянная ""Wabi Sabi""",vaza-steklyannaya-wabi-sabi,,,vaza-steklyannaya-wabi-sabi,,vaza-steklyannaya-wabi-sabi,autotranslit (muru.ru slug has Bitrix suffix),vazy-i-aksessuary,vazy-i-kuvshiny,/catalog/vazy-i-aksessuary/vazy-i-kuvshiny/vaza-steklyannaya-wabi-sabi/
MU0079,"Ваза стеклянная ""Wabi Sabi""",Вазы и аксессуары,Вазы и кувшины,/catalog/вазы-и-аксессуары/вазы-и-кувшины/MU0079/,https://muru.ru/catalog/vazy-i-aksessuary/vazy-i-kuvshiny/lnyanaya-skatert-tikhiy-dom-1943166319/,lnyanaya-skatert-tikhiy-dom-1943166319,no,"Ваза стеклянная ""Wabi Sabi""",vaza-steklyannaya-wabi-sabi,,,vaza-steklyannaya-wabi-sabi,2,vaza-steklyannaya-wabi-sabi-2,autotranslit (muru.ru slug has Bitrix suffix),vazy-i-aksessuary,vazy-i-kuvshiny,/catalog/vazy-i-aksessuary/vazy-i-kuvshiny/vaza-steklyannaya-wabi-sabi-2/
MU0080,"Ваза керамическая ""Песок""",Вазы и аксессуары,Вазы и кувшины,/catalog/вазы-и-аксессуары/вазы-и-кувшины/MU0080/,https://muru.ru/catalog/vazy-i-aksessuary/vazy-i-kuvshiny/postelnoe-belye-shiro-myagkiy-khlopok/,postelnoe-belye-shiro-myagkiy-khlopok,yes,"Ваза керамическая ""Песок""",vaza-keramicheskaya-pesok,no,no,vaza-keramicheskaya-pesok,,vaza-keramicheskaya-pesok,autotranslit (muru.ru slug describes another product),vazy-i-aksessuary,vazy-i-kuvshiny,/catalog/vazy-i-aksessuary/vazy-i-kuvshiny/vaza-keramicheskaya-pesok/
MU0081,"Ваза керамическая ""Песок""",Вазы и аксессуары,Вазы и кувшины,/catalog/вазы-и-аксессуары/вазы-и-кувшины/MU0081/,https://muru.ru/catalog/vazy-i-aksessuary/vazy-i-kuvshiny/postelnoe-belye-tishina-naturalnyy-neokrashennyy-khlopok/,postelnoe-belye-tishina-naturalnyy-neokrashennyy-khlopok,yes,"Ваза керамическая ""Песок""",vaza-keramicheskaya-pesok,no,no,vaza-keramicheskaya-pesok,2,vaza-keramicheskaya-pesok-2,autotranslit (muru.ru slug describes another product),vazy-i-aksessuary,vazy-i-kuvshiny,/catalog/vazy-i-aksessuary/vazy-i-kuvshiny/vaza-keramicheskaya-pesok-2/
MU0082,"Ваза керамическая ""Песок""",Вазы и аксессуары,Вазы и кувшины,/catalog/вазы-и-аксессуары/вазы-и-кувшины/MU0082/,https://muru.ru/catalog/vazy-i-aksessuary/vazy-i-kuvshiny/postelnoe-belye-tishina-naturalnyy-neokrashennyy-khlopok-1776956308/,postelnoe-belye-tishina-naturalnyy-neokrashennyy-khlopok-1776956308,no,"Ваза керамическая ""Песок""",vaza-keramicheskaya-pesok,,,vaza-keramicheskaya-pesok,3,vaza-keramicheskaya-pesok-3,autotranslit (muru.ru slug has Bitrix suffix),vazy-i-aksessuary,vazy-i-kuvshiny,/catalog/vazy-i-aksessuary/vazy-i-kuvshiny/vaza-keramicheskaya-pesok-3/
MU0084,Бумага крафт,Флористика,Флористический инструмент,/catalog/флористика/флористический-инструмент/MU0084/,https://muru.ru/catalog/floristika-dlya-doma/floristicheskiy-instrument/postelnoe-belye-tishina-naturalnyy-neokrashennyy-khlopok-1826246095/,postelnoe-belye-tishina-naturalnyy-neokrashennyy-khlopok-1826246095,no,Бумага крафт,bumaga-kraft,,,bumaga-kraft,,bumaga-kraft,autotranslit (muru.ru slug has Bitrix suffix),floristika-dlya-doma,floristicheskiy-instrument,/catalog/floristika-dlya-doma/floristicheskiy-instrument/bumaga-kraft/
MU0085,Основа под венок,Флористика,Флористический инструмент,/catalog/флористика/флористический-инструмент/MU0085/,https://muru.ru/catalog/floristika-dlya-doma/floristicheskiy-instrument/postelnoe-belye-tishina-naturalnyy-neokrashennyy-khlopok-1221413552/,postelnoe-belye-tishina-naturalnyy-neokrashennyy-khlopok-1221413552,no,Основа под венок,osnova-pod-venok,,,osnova-pod-venok,,osnova-pod-venok,autotranslit (muru.ru slug has Bitrix suffix),floristika-dlya-doma,floristicheskiy-instrument,/catalog/floristika-dlya-doma/floristicheskiy-instrument/osnova-pod-venok/
MU0086,Основа под венок,Флористика,Флористический инструмент,/catalog/флористика/флористический-инструмент/MU0086/,https://muru.ru/catalog/floristika-dlya-doma/floristicheskiy-instrument/postelnoe-belye-tishina-naturalnyy-neokrashennyy-khlopok-1017225801/,postelnoe-belye-tishina-naturalnyy-neokrashennyy-khlopok-1017225801,no,Основа под венок,osnova-pod-venok,,,osnova-pod-venok,2,osnova-pod-venok-2,autotranslit (muru.ru slug has Bitrix suffix),floristika-dlya-doma,floristicheskiy-instrument,/catalog/floristika-dlya-doma/floristicheskiy-instrument/osnova-pod-venok-2/
MU0087,Основа под венок,Флористика,Флористический инструмент,/catalog/флористика/флористический-инструмент/MU0087/,https://muru.ru/catalog/floristika-dlya-doma/floristicheskiy-instrument/vaza-steklyannaya-blown/,vaza-steklyannaya-blown,yes,Основа под венок,osnova-pod-venok,no,no,osnova-pod-venok,3,osnova-pod-venok-3,autotranslit (muru.ru slug describes another product),floristika-dlya-doma,floristicheskiy-instrument,/catalog/floristika-dlya-doma/floristicheskiy-instrument/osnova-pod-venok-3/
MU0088,Кашпо плетеное,Флористика,Горшки и кашпо,/catalog/флористика/горшки-и-кашпо/MU0088/,https://muru.ru/catalog/floristika-dlya-doma/gorshki-i-kashpo/vaza-steklyannaya-batter/,vaza-steklyannaya-batter,yes,Кашпо плетеное,kashpo-pletenoe,no,no,kashpo-pletenoe,,kashpo-pletenoe,autotranslit (muru.ru slug describes another product),floristika-dlya-doma,gorshki-i-kashpo,/catalog/floristika-dlya-doma/gorshki-i-kashpo/kashpo-pletenoe/
MU0089,Кензан флористический,Флористика,Флористический инструмент,/catalog/флористика/флористический-инструмент/MU0089/,https://muru.ru/catalog/floristika-dlya-doma/floristicheskiy-instrument/vaza-steklyannaya-grey/,vaza-steklyannaya-grey,yes,Кензан флористический,kenzan-floristicheskiy,no,no,kenzan-floristicheskiy,,kenzan-floristicheskiy,autotranslit (muru.ru slug describes another product),floristika-dlya-doma,floristicheskiy-instrument,/catalog/floristika-dlya-doma/floristicheskiy-instrument/kenzan-floristicheskiy/
MU0090,Корзина плетеная,Натуральный декор,Корзины и плетеные изделия,/catalog/натуральный-декор/корзины-и-плетеные-изделия/MU0090/,https://muru.ru/catalog/naturalnyy-dekor/korziny-i-pletenye-izdeliya/vaza-steklyannaya-grey-635393983/,vaza-steklyannaya-grey-635393983,no,Корзина плетеная,korzina-pletenaya,,,korzina-pletenaya,,korzina-pletenaya,autotranslit (muru.ru slug has Bitrix suffix),naturalnyy-dekor,korziny-i-pletenye-izdeliya,/catalog/naturalnyy-dekor/korziny-i-pletenye-izdeliya/korzina-pletenaya/
MU0091,Лента атлас,Флористика,Флористический инструмент,/catalog/флористика/флористический-инструмент/MU0091/,https://muru.ru/catalog/floristika-dlya-doma/floristicheskiy-instrument/vaza-steklyannaya-vsplesk/,vaza-steklyannaya-vsplesk,yes,Лента атлас,lenta-atlas,no,no,lenta-atlas,,lenta-atlas,autotranslit (muru.ru slug describes another product),floristika-dlya-doma,floristicheskiy-instrument,/catalog/floristika-dlya-doma/floristicheskiy-instrument/lenta-atlas/
MU0092,Лента атлас,Флористика,Флористический инструмент,/catalog/флористика/флористический-инструмент/MU0092/,https://muru.ru/catalog/floristika-dlya-doma/floristicheskiy-instrument/vaza-steklyannaya-tyulpan/,vaza-steklyannaya-tyulpan,yes,Лента атлас,lenta-atlas,no,no,lenta-atlas,2,lenta-atlas-2,autotranslit (muru.ru slug describes another product),floristika-dlya-doma,floristicheskiy-instrument,/catalog/floristika-dlya-doma/floristicheskiy-instrument/lenta-atlas-2/
MU0093,"Лента декоративная ""Кружево""",Флористика,Флористический инструмент,/catalog/флористика/флористический-инструмент/MU0093/,https://muru.ru/catalog/floristika-dlya-doma/floristicheskiy-instrument/vaza-steklyannaya-tyulpan-1891142089/,vaza-steklyannaya-tyulpan-1891142089,no,"Лента декоративная ""Кружево""",lenta-dekorativnaya-kruzhevo,,,lenta-dekorativnaya-kruzhevo,,lenta-dekorativnaya-kruzhevo,autotranslit (muru.ru slug has Bitrix suffix),floristika-dlya-doma,floristicheskiy-instrument,/catalog/floristika-dlya-doma/floristicheskiy-instrument/lenta-dekorativnaya-kruzhevo/
MU0094,"Лента декоративная ""Кружево""",Флористика,Флористический инструмент,/catalog/флористика/флористический-инструмент/MU0094/,https://muru.ru/catalog/floristika-dlya-doma/floristicheskiy-instrument/vaza-steklyannaya-vabi-sabi/,vaza-steklyannaya-vabi-sabi,yes,"Лента декоративная ""Кружево""",lenta-dekorativnaya-kruzhevo,no,no,lenta-dekorativnaya-kruzhevo,2,lenta-dekorativnaya-kruzhevo-2,autotranslit (muru.ru slug describes another product),floristika-dlya-doma,floristicheskiy-instrument,/catalog/floristika-dlya-doma/floristicheskiy-instrument/lenta-dekorativnaya-kruzhevo-2/
MU0095,Лента декоративная (бархат),Флористика,Флористический инструмент,/catalog/флористика/флористический-инструмент/MU0095/,https://muru.ru/catalog/floristika-dlya-doma/floristicheskiy-instrument/keramicheskoe-kashpo-vintazh/,keramicheskoe-kashpo-vintazh,yes,Лента декоративная (бархат),lenta-dekorativnaya-barkhat,no,no,lenta-dekorativnaya-barkhat,,lenta-dekorativnaya-barkhat,autotranslit (muru.ru slug describes another product),floristika-dlya-doma,floristicheskiy-instrument,/catalog/floristika-dlya-doma/floristicheskiy-instrument/lenta-dekorativnaya-barkhat/
MU0096,Лента декоративная (бархат),Флористика,Флористический инструмент,/catalog/флористика/флористический-инструмент/MU0096/,https://muru.ru/catalog/floristika-dlya-doma/floristicheskiy-instrument/keramicheskoe-kashpo-vintazh-1254545675/,keramicheskoe-kashpo-vintazh-1254545675,no,Лента декоративная (бархат),lenta-dekorativnaya-barkhat,,,lenta-dekorativnaya-barkhat,2,lenta-dekorativnaya-barkhat-2,autotranslit (muru.ru slug has Bitrix suffix),floristika-dlya-doma,floristicheskiy-instrument,/catalog/floristika-dlya-doma/floristicheskiy-instrument/lenta-dekorativnaya-barkhat-2/
MU0097,Лента органза,Флористика,Флористический инструмент,/catalog/флористика/флористический-инструмент/MU0097/,https://muru.ru/catalog/floristika-dlya-doma/floristicheskiy-instrument/keramicheskoe-kashpo-vintazh-1093105858/,keramicheskoe-kashpo-vintazh-1093105858,no,Лента органза,lenta-organza,,,lenta-organza,,lenta-organza,autotranslit (muru.ru slug has Bitrix suffix),floristika-dlya-doma,floristicheskiy-instrument,/catalog/floristika-dlya-doma/floristicheskiy-instrument/lenta-organza/
MU0098,Лента органза,Флористика,Флористический инструмент,/catalog/флористика/флористический-инструмент/MU0098/,https://muru.ru/catalog/floristika-dlya-doma/floristicheskiy-instrument/keramicheskoe-kashpo-vintazh-1902111660/,keramicheskoe-kashpo-vintazh-1902111660,no,Лента органза,lenta-organza,,,lenta-organza,2,lenta-organza-2,autotranslit (muru.ru slug has Bitrix suffix),floristika-dlya-doma,floristicheskiy-instrument,/catalog/floristika-dlya-doma/floristicheskiy-instrument/lenta-organza-2/
MU0099,"Пленка матовая ""Дымка""",Флористика,Флористический инструмент,/catalog/флористика/флористический-инструмент/MU0099/,https://muru.ru/catalog/floristika-dlya-doma/floristicheskiy-instrument/podsvechnik-metallicheskiy-kuvshinka/,podsvechnik-metallicheskiy-kuvshinka,yes,"Пленка матовая ""Дымка""",plenka-matovaya-dymka,no,no,plenka-matovaya-dymka,,plenka-matovaya-dymka,autotranslit (muru.ru slug describes another product),floristika-dlya-doma,floristicheskiy-instrument,/catalog/floristika-dlya-doma/floristicheskiy-instrument/plenka-matovaya-dymka/
MU0100,"Пленка матовая ""Дымка""",Флористика,Флористический инструмент,/catalog/флористика/флористический-инструмент/MU0100/,https://muru.ru/catalog/floristika-dlya-doma/floristicheskiy-instrument/podsvechnik-metallicheskiy-kuvshinka-87241257/,podsvechnik-metallicheskiy-kuvshinka-87241257,no,"Пленка матовая ""Дымка""",plenka-matovaya-dymka,,,plenka-matovaya-dymka,2,plenka-matovaya-dymka-2,autotranslit (muru.ru slug has Bitrix suffix),floristika-dlya-doma,floristicheskiy-instrument,/catalog/floristika-dlya-doma/floristicheskiy-instrument/plenka-matovaya-dymka-2/
MU0101,"Пленка матовая  полупрозрачная""Дымка""",Флористика,Флористический инструмент,/catalog/флористика/флористический-инструмент/MU0101/,https://muru.ru/catalog/floristika-dlya-doma/floristicheskiy-instrument/podsvechnik-metallicheskiy-kuvshinka-416675270/,podsvechnik-metallicheskiy-kuvshinka-416675270,no,"Пленка матовая  полупрозрачная""Дымка""",plenka-matovaya-poluprozrachnaya-dymka,,,plenka-matovaya-poluprozrachnaya-dymka,,plenka-matovaya-poluprozrachnaya-dymka,autotranslit (muru.ru slug has Bitrix suffix),floristika-dlya-doma,floristicheskiy-instrument,/catalog/floristika-dlya-doma/floristicheskiy-instrument/plenka-matovaya-poluprozrachnaya-dymka/
MU0102,Секатор,Флористика,Флористический инструмент,/catalog/флористика/флористический-инструмент/MU0102/,https://muru.ru/catalog/floristika-dlya-doma/floristicheskiy-instrument/vaza-steklyannaya-chloe/,vaza-steklyannaya-chloe,yes,Секатор,sekator,no,no,sekator,,sekator,autotranslit (muru.ru slug describes another product),floristika-dlya-doma,floristicheskiy-instrument,/catalog/floristika-dlya-doma/floristicheskiy-instrument/sekator/
MU0103,Секатор,Флористика,Флористический инструмент,/catalog/флористика/флористический-инструмент/MU0103/,https://muru.ru/catalog/floristika-dlya-doma/floristicheskiy-instrument/vaza-steklyannaya-chloe-1556590875/,vaza-steklyannaya-chloe-1556590875,no,Секатор,sekator,,,sekator,2,sekator-2,autotranslit (muru.ru slug has Bitrix suffix),floristika-dlya-doma,floristicheskiy-instrument,/catalog/floristika-dlya-doma/floristicheskiy-instrument/sekator-2/
MU0104,Декоративное блюдо керамическое,Кухня и столовая,Посуда,/catalog/кухня-и-столовая/посуда/MU0104/,https://muru.ru/catalog/kukhnya-i-stolovaya/posuda/dekorativnoe-blyudo-keramicheskoe-1972646161/,dekorativnoe-blyudo-keramicheskoe-1972646161,no,Декоративное блюдо керамическое,dekorativnoe-blyudo-keramicheskoe,,,dekorativnoe-blyudo-keramicheskoe,,dekorativnoe-blyudo-keramicheskoe,autotranslit (muru.ru slug has Bitrix suffix),kukhnya-i-stolovaya,posuda,/catalog/kukhnya-i-stolovaya/posuda/dekorativnoe-blyudo-keramicheskoe/
MU0105,Декоративное блюдо на ножке керамическое,Кухня и столовая,Посуда,/catalog/кухня-и-столовая/посуда/MU0105/,https://muru.ru/catalog/kukhnya-i-stolovaya/posuda/vaza-steklyannaya-vsplesk-784163062/,vaza-steklyannaya-vsplesk-784163062,no,Декоративное блюдо на ножке керамическое,dekorativnoe-blyudo-na-nozhke-keramicheskoe,,,dekorativnoe-blyudo-na-nozhke-keramicheskoe,,dekorativnoe-blyudo-na-nozhke-keramicheskoe,autotranslit (muru.ru slug has Bitrix suffix),kukhnya-i-stolovaya,posuda,/catalog/kukhnya-i-stolovaya/posuda/dekorativnoe-blyudo-na-nozhke-keramicheskoe/
MU0107,Сухоцветы эвкалипт,Натуральный декор,Сухоцветы,/catalog/натуральный-декор/сухоцветы/MU0107/,https://muru.ru/catalog/naturalnyy-dekor/sukhotsvety/sukhotsvety-evkalipt/,sukhotsvety-evkalipt,yes,Сухоцветы эвкалипт,sukhotsvety-evkalipt,yes,yes,sukhotsvety-evkalipt,,sukhotsvety-evkalipt,muru.ru clean slug,naturalnyy-dekor,sukhotsvety,/catalog/naturalnyy-dekor/sukhotsvety/sukhotsvety-evkalipt/
MU0108,Сухоцветы пшеница,Натуральный декор,Сухоцветы,/catalog/натуральный-декор/сухоцветы/MU0108/,https://muru.ru/catalog/naturalnyy-dekor/sukhotsvety/sukhotsvety-pshenitsa/,sukhotsvety-pshenitsa,yes,Сухоцветы пшеница,sukhotsvety-pshenitsa,yes,yes,sukhotsvety-pshenitsa,,sukhotsvety-pshenitsa,muru.ru clean slug,naturalnyy-dekor,sukhotsvety,/catalog/naturalnyy-dekor/sukhotsvety/sukhotsvety-pshenitsa/
MU0109,Сухоцветы лагурус,Натуральный декор,Сухоцветы,/catalog/натуральный-декор/сухоцветы/MU0109/,https://muru.ru/catalog/naturalnyy-dekor/sukhotsvety/sukhotsvety-lagurus/,sukhotsvety-lagurus,yes,Сухоцветы лагурус,sukhotsvety-lagurus,yes,yes,sukhotsvety-lagurus,,sukhotsvety-lagurus,muru.ru clean slug,naturalnyy-dekor,sukhotsvety,/catalog/naturalnyy-dekor/sukhotsvety/sukhotsvety-lagurus/
MU0110,Сухоцветы краспедия,Натуральный декор,Сухоцветы,/catalog/натуральный-декор/сухоцветы/MU0110/,https://muru.ru/catalog/naturalnyy-dekor/sukhotsvety/sukhotsvety-kraspediya/,sukhotsvety-kraspediya,yes,Сухоцветы краспедия,sukhotsvety-kraspediya,yes,yes,sukhotsvety-kraspediya,,sukhotsvety-kraspediya,muru.ru clean slug,naturalnyy-dekor,sukhotsvety,/catalog/naturalnyy-dekor/sukhotsvety/sukhotsvety-kraspediya/
MU0111,Сухоцветы озтамнус,Натуральный декор,Сухоцветы,/catalog/натуральный-декор/сухоцветы/MU0111/,https://muru.ru/catalog/naturalnyy-dekor/sukhotsvety/sukhotsvety-oztamnus/,sukhotsvety-oztamnus,yes,Сухоцветы озтамнус,sukhotsvety-oztamnus,yes,yes,sukhotsvety-oztamnus,,sukhotsvety-oztamnus,muru.ru clean slug,naturalnyy-dekor,sukhotsvety,/catalog/naturalnyy-dekor/sukhotsvety/sukhotsvety-oztamnus/
MU0112,Сухоцветы лимониум,Натуральный декор,Сухоцветы,/catalog/натуральный-декор/сухоцветы/MU0112/,https://muru.ru/catalog/naturalnyy-dekor/sukhotsvety/sukhotsvety-limonium/,sukhotsvety-limonium,yes,Сухоцветы лимониум,sukhotsvety-limonium,yes,yes,sukhotsvety-limonium,,sukhotsvety-limonium,muru.ru clean slug,naturalnyy-dekor,sukhotsvety,/catalog/naturalnyy-dekor/sukhotsvety/sukhotsvety-limonium/
MU0113,Сухоцветы искодия,Натуральный декор,Сухоцветы,/catalog/натуральный-декор/сухоцветы/MU0113/,https://muru.ru/catalog/naturalnyy-dekor/sukhotsvety/sukhotsvety-iskodiya/,sukhotsvety-iskodiya,yes,Сухоцветы искодия,sukhotsvety-iskodiya,yes,yes,sukhotsvety-iskodiya,,sukhotsvety-iskodiya,muru.ru clean slug,naturalnyy-dekor,sukhotsvety,/catalog/naturalnyy-dekor/sukhotsvety/sukhotsvety-iskodiya/
MU0114,Сухоцветы фалярис,Натуральный декор,Сухоцветы,/catalog/натуральный-декор/сухоцветы/MU0114/,https://muru.ru/catalog/naturalnyy-dekor/sukhotsvety/sukhotsvety-falyaris/,sukhotsvety-falyaris,yes,Сухоцветы фалярис,sukhotsvety-falyaris,yes,yes,sukhotsvety-falyaris,,sukhotsvety-falyaris,muru.ru clean slug,naturalnyy-dekor,sukhotsvety,/catalog/naturalnyy-dekor/sukhotsvety/sukhotsvety-falyaris/
MU0115,Сухоцветы лаванда,Натуральный декор,Сухоцветы,/catalog/натуральный-декор/сухоцветы/MU0115/,https://muru.ru/catalog/naturalnyy-dekor/sukhotsvety/sukhotsvety-lavanda/,sukhotsvety-lavanda,yes,Сухоцветы лаванда,sukhotsvety-lavanda,yes,yes,sukhotsvety-lavanda,,sukhotsvety-lavanda,muru.ru clean slug,naturalnyy-dekor,sukhotsvety,/catalog/naturalnyy-dekor/sukhotsvety/sukhotsvety-lavanda/
MU0116,Сухоцветы рускус,Натуральный декор,Сухоцветы,/catalog/натуральный-декор/сухоцветы/MU0116/,https://muru.ru/catalog/naturalnyy-dekor/sukhotsvety/sukhotsvety-ruskus/,sukhotsvety-ruskus,yes,Сухоцветы рускус,sukhotsvety-ruskus,yes,yes,sukhotsvety-ruskus,,sukhotsvety-ruskus,muru.ru clean slug,naturalnyy-dekor,sukhotsvety,/catalog/naturalnyy-dekor/sukhotsvety/sukhotsvety-ruskus/
MU0117,Букет из сухоцветов белый,Натуральный декор,Сухоцветы,/catalog/натуральный-декор/сухоцветы/MU0117/,https://muru.ru/catalog/naturalnyy-dekor/sukhotsvety/buket-iz-sukhotsvetov-belyy/,buket-iz-sukhotsvetov-belyy,yes,Букет из сухоцветов белый,buket-iz-sukhotsvetov-belyy,yes,yes,buket-iz-sukhotsvetov-belyy,,buket-iz-sukhotsvetov-belyy,muru.ru clean slug,naturalnyy-dekor,sukhotsvety,/catalog/naturalnyy-dekor/sukhotsvety/buket-iz-sukhotsvetov-belyy/
MU0118,Букет из сухоцветов розовый,Натуральный декор,Сухоцветы,/catalog/натуральный-декор/сухоцветы/MU0118/,https://muru.ru/catalog/naturalnyy-dekor/sukhotsvety/buket-iz-sukhotsvetov-rozovyy/,buket-iz-sukhotsvetov-rozovyy,yes,Букет из сухоцветов розовый,buket-iz-sukhotsvetov-rozovyy,yes,yes,buket-iz-sukhotsvetov-rozovyy,,buket-iz-sukhotsvetov-rozovyy,muru.ru clean slug,naturalnyy-dekor,sukhotsvety,/catalog/naturalnyy-dekor/sukhotsvety/buket-iz-sukhotsvetov-rozovyy/
MU0119,Букет из сухоцветов бело-розовый,Натуральный декор,Сухоцветы,/catalog/натуральный-декор/сухоцветы/MU0119/,https://muru.ru/catalog/naturalnyy-dekor/sukhotsvety/buket-iz-sukhotsvetov-belo-rozovyy/,buket-iz-sukhotsvetov-belo-rozovyy,yes,Букет из сухоцветов бело-розовый,buket-iz-sukhotsvetov-belo-rozovyy,yes,yes,buket-iz-sukhotsvetov-belo-rozovyy,,buket-iz-sukhotsvetov-belo-rozovyy,muru.ru clean slug,naturalnyy-dekor,sukhotsvety,/catalog/naturalnyy-dekor/sukhotsvety/buket-iz-sukhotsvetov-belo-rozovyy/
MU0120,Букет из сухоцветов бело-жёлтый,Натуральный декор,Сухоцветы,/catalog/натуральный-декор/сухоцветы/MU0120/,https://muru.ru/catalog/naturalnyy-dekor/sukhotsvety/buket-iz-sukhotsvetov-belo-zhyeltyy/,buket-iz-sukhotsvetov-belo-zhyeltyy,yes,Букет из сухоцветов бело-жёлтый,buket-iz-sukhotsvetov-belo-zheltyy,no,no,buket-iz-sukhotsvetov-belo-zheltyy,,buket-iz-sukhotsvetov-belo-zheltyy,autotranslit (muru.ru slug describes another product),naturalnyy-dekor,sukhotsvety,/catalog/naturalnyy-dekor/sukhotsvety/buket-iz-sukhotsvetov-belo-zheltyy/
MU0121,Букет из сухоцветов натуральный,Натуральный декор,Сухоцветы,/catalog/натуральный-декор/сухоцветы/MU0121/,https://muru.ru/catalog/naturalnyy-dekor/sukhotsvety/buket-iz-sukhotsvetov-naturalnyy/,buket-iz-sukhotsvetov-naturalnyy,yes,Букет из сухоцветов натуральный,buket-iz-sukhotsvetov-naturalnyy,yes,yes,buket-iz-sukhotsvetov-naturalnyy,,buket-iz-sukhotsvetov-naturalnyy,muru.ru clean slug,naturalnyy-dekor,sukhotsvety,/catalog/naturalnyy-dekor/sukhotsvety/buket-iz-sukhotsvetov-naturalnyy/
MU0130,"Постер ""ЧИН-ЧИН"" малый",Интерьер,Постеры,/catalog/интерьер/постеры/MU0130/,https://muru.ru/catalog/interer/postery/lenta-dekorativnaya-kruzhevo-83450635/,lenta-dekorativnaya-kruzhevo-83450635,no,"Постер ""ЧИН-ЧИН"" малый",poster-chin-chin-malyy,,,poster-chin-chin-malyy,,poster-chin-chin-malyy,autotranslit (muru.ru slug has Bitrix suffix),interer,postery,/catalog/interer/postery/poster-chin-chin-malyy/
MU0131,"Постер ""ЧИН-ЧИН"" средний",Интерьер,Постеры,/catalog/интерьер/постеры/MU0131/,https://muru.ru/catalog/interer/postery/lenta-dekorativnaya-barkhat/,lenta-dekorativnaya-barkhat,yes,"Постер ""ЧИН-ЧИН"" средний",poster-chin-chin-sredniy,no,no,poster-chin-chin-sredniy,,poster-chin-chin-sredniy,autotranslit (muru.ru slug describes another product),interer,postery,/catalog/interer/postery/poster-chin-chin-sredniy/
MU0132,"Постер ""ЧИН-ЧИН"" большой",Интерьер,Постеры,/catalog/интерьер/постеры/MU0132/,https://muru.ru/catalog/interer/postery/lenta-dekorativnaya-barkhat-1073152653/,lenta-dekorativnaya-barkhat-1073152653,no,"Постер ""ЧИН-ЧИН"" большой",poster-chin-chin-bolshoy,,,poster-chin-chin-bolshoy,,poster-chin-chin-bolshoy,autotranslit (muru.ru slug has Bitrix suffix),interer,postery,/catalog/interer/postery/poster-chin-chin-bolshoy/
MU0133,"Постер ""Ты"" малый",Интерьер,Постеры,/catalog/интерьер/постеры/MU0133/,https://muru.ru/catalog/interer/postery/lenta-organza/,lenta-organza,yes,"Постер ""Ты"" малый",poster-ty-malyy,no,no,poster-ty-malyy,,poster-ty-malyy,autotranslit (muru.ru slug describes another product),interer,postery,/catalog/interer/postery/poster-ty-malyy/
MU0134,"Постер ""Ты"" средний",Интерьер,Постеры,/catalog/интерьер/постеры/MU0134/,https://muru.ru/catalog/interer/postery/poster-ty-918887323/,poster-ty-918887323,no,"Постер ""Ты"" средний",poster-ty-sredniy,,,poster-ty-sredniy,,poster-ty-sredniy,autotranslit (muru.ru slug has Bitrix suffix),interer,postery,/catalog/interer/postery/poster-ty-sredniy/
MU0135,"Постер ""Ты"" большой",Интерьер,Постеры,/catalog/интерьер/постеры/MU0135/,https://muru.ru/catalog/interer/postery/poster-ty-1245115439/,poster-ty-1245115439,no,"Постер ""Ты"" большой",poster-ty-bolshoy,,,poster-ty-bolshoy,,poster-ty-bolshoy,autotranslit (muru.ru slug has Bitrix suffix),interer,postery,/catalog/interer/postery/poster-ty-bolshoy/
MU0136,"Постер ""Любовь витает в воздухе"" малый",Интерьер,Постеры,/catalog/интерьер/постеры/MU0136/,https://muru.ru/catalog/interer/postery/poster-lyubov-vitaet-v-vozdukhe-1741366160/,poster-lyubov-vitaet-v-vozdukhe-1741366160,no,"Постер ""Любовь витает в воздухе"" малый",poster-lyubov-vitaet-v-vozdukhe-malyy,,,poster-lyubov-vitaet-v-vozdukhe-malyy,,poster-lyubov-vitaet-v-vozdukhe-malyy,autotranslit (muru.ru slug has Bitrix suffix),interer,postery,/catalog/interer/postery/poster-lyubov-vitaet-v-vozdukhe-malyy/
MU0137,"Постер ""Любовь витает в воздухе"" средний",Интерьер,Постеры,/catalog/интерьер/постеры/MU0137/,https://muru.ru/catalog/interer/postery/poster-lyubov-vitaet-v-vozdukhe-1747159258/,poster-lyubov-vitaet-v-vozdukhe-1747159258,no,"Постер ""Любовь витает в воздухе"" средний",poster-lyubov-vitaet-v-vozdukhe-sredniy,,,poster-lyubov-vitaet-v-vozdukhe-sredniy,,poster-lyubov-vitaet-v-vozdukhe-sredniy,autotranslit (muru.ru slug has Bitrix suffix),interer,postery,/catalog/interer/postery/poster-lyubov-vitaet-v-vozdukhe-sredniy/
MU0138,"Постер ""Любовь витает в воздухе"" большой",Интерьер,Постеры,/catalog/интерьер/постеры/MU0138/,https://muru.ru/catalog/interer/postery/poster-lyubov-vitaet-v-vozdukhe-225942377/,poster-lyubov-vitaet-v-vozdukhe-225942377,no,"Постер ""Любовь витает в воздухе"" большой",poster-lyubov-vitaet-v-vozdukhe-bolshoy,,,poster-lyubov-vitaet-v-vozdukhe-bolshoy,,poster-lyubov-vitaet-v-vozdukhe-bolshoy,autotranslit (muru.ru slug has Bitrix suffix),interer,postery,/catalog/interer/postery/poster-lyubov-vitaet-v-vozdukhe-bolshoy/
MU0139,"Постер ""Ле Флер"" малый",Интерьер,Постеры,/catalog/интерьер/постеры/MU0139/,https://muru.ru/catalog/interer/postery/sekator-854100184/,sekator-854100184,no,"Постер ""Ле Флер"" малый",poster-le-fler-malyy,,,poster-le-fler-malyy,,poster-le-fler-malyy,autotranslit (muru.ru slug has Bitrix suffix),interer,postery,/catalog/interer/postery/poster-le-fler-malyy/
MU0140,"Постер ""Ле Флер"" средний",Интерьер,Постеры,/catalog/интерьер/постеры/MU0140/,https://muru.ru/catalog/interer/postery/poster-le-fler-924747104/,poster-le-fler-924747104,no,"Постер ""Ле Флер"" средний",poster-le-fler-sredniy,,,poster-le-fler-sredniy,,poster-le-fler-sredniy,autotranslit (muru.ru slug has Bitrix suffix),interer,postery,/catalog/interer/postery/poster-le-fler-sredniy/
MU0141,"Постер ""Ле Флер"" большой",Интерьер,Постеры,/catalog/интерьер/постеры/MU0141/,https://muru.ru/catalog/interer/postery/poster-le-fler-310074394/,poster-le-fler-310074394,no,"Постер ""Ле Флер"" большой",poster-le-fler-bolshoy,,,poster-le-fler-bolshoy,,poster-le-fler-bolshoy,autotranslit (muru.ru slug has Bitrix suffix),interer,postery,/catalog/interer/postery/poster-le-fler-bolshoy/
MU0142,"Постер ""Кувшин"" малый",Интерьер,Постеры,/catalog/интерьер/постеры/MU0142/,https://muru.ru/catalog/interer/postery/poster-kuvshin-54249288/,poster-kuvshin-54249288,no,"Постер ""Кувшин"" малый",poster-kuvshin-malyy,,,poster-kuvshin-malyy,,poster-kuvshin-malyy,autotranslit (muru.ru slug has Bitrix suffix),interer,postery,/catalog/interer/postery/poster-kuvshin-malyy/
MU0143,"Постер ""Кувшин"" средний",Интерьер,Постеры,/catalog/интерьер/постеры/MU0143/,https://muru.ru/catalog/interer/postery/poster-kuvshin-1108530268/,poster-kuvshin-1108530268,no,"Постер ""Кувшин"" средний",poster-kuvshin-sredniy,,,poster-kuvshin-sredniy,,poster-kuvshin-sredniy,autotranslit (muru.ru slug has Bitrix suffix),interer,postery,/catalog/interer/postery/poster-kuvshin-sredniy/
MU0144,"Постер ""Кувшин"" большой",Интерьер,Постеры,/catalog/интерьер/постеры/MU0144/,https://muru.ru/catalog/interer/postery/poster-kuvshin-1717936444/,poster-kuvshin-1717936444,no,"Постер ""Кувшин"" большой",poster-kuvshin-bolshoy,,,poster-kuvshin-bolshoy,,poster-kuvshin-bolshoy,autotranslit (muru.ru slug has Bitrix suffix),interer,postery,/catalog/interer/postery/poster-kuvshin-bolshoy/
MU0145,"Постер ""Желтые цветы"" малый",Интерьер,Постеры,/catalog/интерьер/постеры/MU0145/,https://muru.ru/catalog/interer/postery/poster-zheltye-tsvety-692976146/,poster-zheltye-tsvety-692976146,no,"Постер ""Желтые цветы"" малый",poster-zheltye-tsvety-malyy,,,poster-zheltye-tsvety-malyy,,poster-zheltye-tsvety-malyy,autotranslit (muru.ru slug has Bitrix suffix),interer,postery,/catalog/interer/postery/poster-zheltye-tsvety-malyy/
MU0146,"Постер ""Желтые цветы"" средний",Интерьер,Постеры,/catalog/интерьер/постеры/MU0146/,https://muru.ru/catalog/interer/postery/poster-zheltye-tsvety-1839240781/,poster-zheltye-tsvety-1839240781,no,"Постер ""Желтые цветы"" средний",poster-zheltye-tsvety-sredniy,,,poster-zheltye-tsvety-sredniy,,poster-zheltye-tsvety-sredniy,autotranslit (muru.ru slug has Bitrix suffix),interer,postery,/catalog/interer/postery/poster-zheltye-tsvety-sredniy/
MU0147,"Постер ""Желтые цветы"" большой",Интерьер,Постеры,/catalog/интерьер/постеры/MU0147/,https://muru.ru/catalog/interer/postery/poster-zheltye-tsvety-130871307/,poster-zheltye-tsvety-130871307,no,"Постер ""Желтые цветы"" большой",poster-zheltye-tsvety-bolshoy,,,poster-zheltye-tsvety-bolshoy,,poster-zheltye-tsvety-bolshoy,autotranslit (muru.ru slug has Bitrix suffix),interer,postery,/catalog/interer/postery/poster-zheltye-tsvety-bolshoy/
MU0148,"Постер ""Ботаника"" малый",Интерьер,Постеры,/catalog/интерьер/постеры/MU0148/,https://muru.ru/catalog/interer/postery/poster-botanika-787850088/,poster-botanika-787850088,no,"Постер ""Ботаника"" малый",poster-botanika-malyy,,,poster-botanika-malyy,,poster-botanika-malyy,autotranslit (muru.ru slug has Bitrix suffix),interer,postery,/catalog/interer/postery/poster-botanika-malyy/
MU0149,"Постер ""Ботаника"" средний",Интерьер,Постеры,/catalog/интерьер/постеры/MU0149/,https://muru.ru/catalog/interer/postery/poster-botanika-435207777/,poster-botanika-435207777,no,"Постер ""Ботаника"" средний",poster-botanika-sredniy,,,poster-botanika-sredniy,,poster-botanika-sredniy,autotranslit (muru.ru slug has Bitrix suffix),interer,postery,/catalog/interer/postery/poster-botanika-sredniy/
MU0150,"Постер ""Ботаника"" большой",Интерьер,Постеры,/catalog/интерьер/постеры/MU0150/,https://muru.ru/catalog/interer/postery/poster-botanika-1824548472/,poster-botanika-1824548472,no,"Постер ""Ботаника"" большой",poster-botanika-bolshoy,,,poster-botanika-bolshoy,,poster-botanika-bolshoy,autotranslit (muru.ru slug has Bitrix suffix),interer,postery,/catalog/interer/postery/poster-botanika-bolshoy/
MU0151,"Постер ""Баланс"" малый",Интерьер,Постеры,/catalog/интерьер/постеры/MU0151/,https://muru.ru/catalog/interer/postery/poster-balans-214858431/,poster-balans-214858431,no,"Постер ""Баланс"" малый",poster-balans-malyy,,,poster-balans-malyy,,poster-balans-malyy,autotranslit (muru.ru slug has Bitrix suffix),interer,postery,/catalog/interer/postery/poster-balans-malyy/
MU0152,"Постер ""Баланс"" средний",Интерьер,Постеры,/catalog/интерьер/постеры/MU0152/,https://muru.ru/catalog/interer/postery/poster-balans-2146224697/,poster-balans-2146224697,no,"Постер ""Баланс"" средний",poster-balans-sredniy,,,poster-balans-sredniy,,poster-balans-sredniy,autotranslit (muru.ru slug has Bitrix suffix),interer,postery,/catalog/interer/postery/poster-balans-sredniy/
MU0153,"Постер ""Баланс"" большой",Интерьер,Постеры,/catalog/интерьер/постеры/MU0153/,https://muru.ru/catalog/interer/postery/poster-balans-535021116/,poster-balans-535021116,no,"Постер ""Баланс"" большой",poster-balans-bolshoy,,,poster-balans-bolshoy,,poster-balans-bolshoy,autotranslit (muru.ru slug has Bitrix suffix),interer,postery,/catalog/interer/postery/poster-balans-bolshoy/
MU0154,"Постер ""Анри Матисс"" малый",Интерьер,Постеры,/catalog/интерьер/постеры/MU0154/,https://muru.ru/catalog/interer/postery/poster-anri-matiss-333914073/,poster-anri-matiss-333914073,no,"Постер ""Анри Матисс"" малый",poster-anri-matiss-malyy,,,poster-anri-matiss-malyy,,poster-anri-matiss-malyy,autotranslit (muru.ru slug has Bitrix suffix),interer,postery,/catalog/interer/postery/poster-anri-matiss-malyy/
MU0155,"Постер ""Анри Матисс"" средний",Интерьер,Постеры,/catalog/интерьер/постеры/MU0155/,https://muru.ru/catalog/interer/postery/poster-anri-matiss-1314961686/,poster-anri-matiss-1314961686,no,"Постер ""Анри Матисс"" средний",poster-anri-matiss-sredniy,,,poster-anri-matiss-sredniy,,poster-anri-matiss-sredniy,autotranslit (muru.ru slug has Bitrix suffix),interer,postery,/catalog/interer/postery/poster-anri-matiss-sredniy/
MU0156,"Постер ""Анри Матисс"" большой",Интерьер,Постеры,/catalog/интерьер/постеры/MU0156/,https://muru.ru/catalog/interer/postery/poster-anri-matiss-1142884761/,poster-anri-matiss-1142884761,no,"Постер ""Анри Матисс"" большой",poster-anri-matiss-bolshoy,,,poster-anri-matiss-bolshoy,,poster-anri-matiss-bolshoy,autotranslit (muru.ru slug has Bitrix suffix),interer,postery,/catalog/interer/postery/poster-anri-matiss-bolshoy/
MU0157,"Постер ""Абстракция"" малый",Интерьер,Постеры,/catalog/интерьер/постеры/MU0157/,https://muru.ru/catalog/interer/postery/poster-abstraktsiya-11361136/,poster-abstraktsiya-11361136,no,"Постер ""Абстракция"" малый",poster-abstraktsiya-malyy,,,poster-abstraktsiya-malyy,,poster-abstraktsiya-malyy,autotranslit (muru.ru slug has Bitrix suffix),interer,postery,/catalog/interer/postery/poster-abstraktsiya-malyy/
MU0158,"Постер ""Абстракция"" средний",Интерьер,Постеры,/catalog/интерьер/постеры/MU0158/,https://muru.ru/catalog/interer/postery/poster-abstraktsiya-1088828204/,poster-abstraktsiya-1088828204,no,"Постер ""Абстракция"" средний",poster-abstraktsiya-sredniy,,,poster-abstraktsiya-sredniy,,poster-abstraktsiya-sredniy,autotranslit (muru.ru slug has Bitrix suffix),interer,postery,/catalog/interer/postery/poster-abstraktsiya-sredniy/
MU0159,"Постер ""Абстракция"" большой",Интерьер,Постеры,/catalog/интерьер/постеры/MU0159/,https://muru.ru/catalog/interer/postery/poster-abstraktsiya-911387493/,poster-abstraktsiya-911387493,no,"Постер ""Абстракция"" большой",poster-abstraktsiya-bolshoy,,,poster-abstraktsiya-bolshoy,,poster-abstraktsiya-bolshoy,autotranslit (muru.ru slug has Bitrix suffix),interer,postery,/catalog/interer/postery/poster-abstraktsiya-bolshoy/
MU0160,"Постер ""Абстракция объятие"" малый",Интерьер,Постеры,/catalog/интерьер/постеры/MU0160/,https://muru.ru/catalog/interer/postery/poster-abstraktsiya-obyatie-441150640/,poster-abstraktsiya-obyatie-441150640,no,"Постер ""Абстракция объятие"" малый",poster-abstraktsiya-obyatie-malyy,,,poster-abstraktsiya-obyatie-malyy,,poster-abstraktsiya-obyatie-malyy,autotranslit (muru.ru slug has Bitrix suffix),interer,postery,/catalog/interer/postery/poster-abstraktsiya-obyatie-malyy/
MU0161,"Постер ""Абстракция объятие"" средний",Интерьер,Постеры,/catalog/интерьер/постеры/MU0161/,https://muru.ru/catalog/interer/postery/poster-abstraktsiya-obyatie-717097323/,poster-abstraktsiya-obyatie-717097323,no,"Постер ""Абстракция объятие"" средний",poster-abstraktsiya-obyatie-sredniy,,,poster-abstraktsiya-obyatie-sredniy,,poster-abstraktsiya-obyatie-sredniy,autotranslit (muru.ru slug has Bitrix suffix),interer,postery,/catalog/interer/postery/poster-abstraktsiya-obyatie-sredniy/
MU0162,"Постер ""Абстракция объятие"" большой",Интерьер,Постеры,/catalog/интерьер/постеры/MU0162/,https://muru.ru/catalog/interer/postery/poster-abstraktsiya-obyatie-37431769/,poster-abstraktsiya-obyatie-37431769,no,"Постер ""Абстракция объятие"" большой",poster-abstraktsiya-obyatie-bolshoy,,,poster-abstraktsiya-obyatie-bolshoy,,poster-abstraktsiya-obyatie-bolshoy,autotranslit (muru.ru slug has Bitrix suffix),interer,postery,/catalog/interer/postery/poster-abstraktsiya-obyatie-bolshoy/
MU0163,"Постер ""Абстракция пейзаж"" малый",Интерьер,Постеры,/catalog/интерьер/постеры/MU0163/,https://muru.ru/catalog/interer/postery/poster-abstraktsiya-peyzazh-1995675341/,poster-abstraktsiya-peyzazh-1995675341,no,"Постер ""Абстракция пейзаж"" малый",poster-abstraktsiya-peyzazh-malyy,,,poster-abstraktsiya-peyzazh-malyy,,poster-abstraktsiya-peyzazh-malyy,autotranslit (muru.ru slug has Bitrix suffix),interer,postery,/catalog/interer/postery/poster-abstraktsiya-peyzazh-malyy/
MU0164,"Постер ""Абстракция пейзаж"" средний",Интерьер,Постеры,/catalog/интерьер/постеры/MU0164/,https://muru.ru/catalog/interer/postery/poster-abstraktsiya-peyzazh-1179082607/,poster-abstraktsiya-peyzazh-1179082607,no,"Постер ""Абстракция пейзаж"" средний",poster-abstraktsiya-peyzazh-sredniy,,,poster-abstraktsiya-peyzazh-sredniy,,poster-abstraktsiya-peyzazh-sredniy,autotranslit (muru.ru slug has Bitrix suffix),interer,postery,/catalog/interer/postery/poster-abstraktsiya-peyzazh-sredniy/
MU0165,"Постер ""Абстракция пейзаж"" большой",Интерьер,Постеры,/catalog/интерьер/постеры/MU0165/,https://muru.ru/catalog/interer/postery/poster-abstraktsiya-peyzazh-398797209/,poster-abstraktsiya-peyzazh-398797209,no,"Постер ""Абстракция пейзаж"" большой",poster-abstraktsiya-peyzazh-bolshoy,,,poster-abstraktsiya-peyzazh-bolshoy,,poster-abstraktsiya-peyzazh-bolshoy,autotranslit (muru.ru slug has Bitrix suffix),interer,postery,/catalog/interer/postery/poster-abstraktsiya-peyzazh-bolshoy/
MU0167,Ваза стеклянная,Вазы и аксессуары,Вазы и кувшины,/catalog/вазы-и-аксессуары/вазы-и-кувшины/MU0167/,https://muru.ru/catalog/vazy-i-aksessuary/vazy-i-kuvshiny/poster-chin-chin-1855289091/,poster-chin-chin-1855289091,no,Ваза стеклянная,vaza-steklyannaya,,,vaza-steklyannaya,,vaza-steklyannaya,autotranslit (muru.ru slug has Bitrix suffix),vazy-i-aksessuary,vazy-i-kuvshiny,/catalog/vazy-i-aksessuary/vazy-i-kuvshiny/vaza-steklyannaya/
MU0168,Ваза керамическая,Вазы и аксессуары,Вазы и кувшины,/catalog/вазы-и-аксессуары/вазы-и-кувшины/MU0168/,https://muru.ru/catalog/vazy-i-aksessuary/vazy-i-kuvshiny/poster-chin-chin-1092053209/,poster-chin-chin-1092053209,no,Ваза керамическая,vaza-keramicheskaya,,,vaza-keramicheskaya,,vaza-keramicheskaya,autotranslit (muru.ru slug has Bitrix suffix),vazy-i-aksessuary,vazy-i-kuvshiny,/catalog/vazy-i-aksessuary/vazy-i-kuvshiny/vaza-keramicheskaya/
MU0169,Ваза керамическая,Вазы и аксессуары,Вазы и кувшины,/catalog/вазы-и-аксессуары/вазы-и-кувшины/MU0169/,https://muru.ru/catalog/vazy-i-aksessuary/vazy-i-kuvshiny/poster-ty/,poster-ty,yes,Ваза керамическая,vaza-keramicheskaya,no,no,vaza-keramicheskaya,2,vaza-keramicheskaya-2,autotranslit (muru.ru slug describes another product),vazy-i-aksessuary,vazy-i-kuvshiny,/catalog/vazy-i-aksessuary/vazy-i-kuvshiny/vaza-keramicheskaya-2/
MU0170,Ваза керамическая,Вазы и аксессуары,Вазы и кувшины,/catalog/вазы-и-аксессуары/вазы-и-кувшины/MU0170/,https://muru.ru/catalog/vazy-i-aksessuary/vazy-i-kuvshiny/poster-ty-683178112/,poster-ty-683178112,no,Ваза керамическая,vaza-keramicheskaya,,,vaza-keramicheskaya,3,vaza-keramicheskaya-3,autotranslit (muru.ru slug has Bitrix suffix),vazy-i-aksessuary,vazy-i-kuvshiny,/catalog/vazy-i-aksessuary/vazy-i-kuvshiny/vaza-keramicheskaya-3/
MU0171,Ваза стеклянная,Вазы и аксессуары,Вазы и кувшины,/catalog/вазы-и-аксессуары/вазы-и-кувшины/MU0171/,https://muru.ru/catalog/vazy-i-aksessuary/vazy-i-kuvshiny/poster-ty-1414275150/,poster-ty-1414275150,no,Ваза стеклянная,vaza-steklyannaya,,,vaza-steklyannaya,2,vaza-steklyannaya-2,autotranslit (muru.ru slug has Bitrix suffix),vazy-i-aksessuary,vazy-i-kuvshiny,/catalog/vazy-i-aksessuary/vazy-i-kuvshiny/vaza-steklyannaya-2/
MU0172,Ваза стеклянная,Вазы и аксессуары,Вазы и кувшины,/catalog/вазы-и-аксессуары/вазы-и-кувшины/MU0172/,https://muru.ru/catalog/vazy-i-aksessuary/vazy-i-kuvshiny/poster-lyubov-vitaet-v-vozdukhe/,poster-lyubov-vitaet-v-vozdukhe,yes,Ваза стеклянная,vaza-steklyannaya,no,no,vaza-steklyannaya,3,vaza-steklyannaya-3,autotranslit (muru.ru slug describes another product),vazy-i-aksessuary,vazy-i-kuvshiny,/catalog/vazy-i-aksessuary/vazy-i-kuvshiny/vaza-steklyannaya-3/
MU0173,Кашпо,Флористика,Горшки и кашпо,/catalog/флористика/горшки-и-кашпо/MU0173/,https://muru.ru/catalog/floristika-dlya-doma/gorshki-i-kashpo/kashpo/,kashpo,yes,Кашпо,kashpo,yes,yes,kashpo,,kashpo,muru.ru clean slug,floristika-dlya-doma,gorshki-i-kashpo,/catalog/floristika-dlya-doma/gorshki-i-kashpo/kashpo/
MU0174,Кашпо,Флористика,Горшки и кашпо,/catalog/флористика/горшки-и-кашпо/MU0174/,https://muru.ru/catalog/floristika-dlya-doma/gorshki-i-kashpo/kashpo-1480161548/,kashpo-1480161548,no,Кашпо,kashpo,,,kashpo,2,kashpo-2,autotranslit (muru.ru slug has Bitrix suffix),floristika-dlya-doma,gorshki-i-kashpo,/catalog/floristika-dlya-doma/gorshki-i-kashpo/kashpo-2/
MU0175,Керамический подсвечник,Без категории,,/catalog/без-категории/без-категории/MU0175/,,,,,keramicheskiy-podsvechnik,,,keramicheskiy-podsvechnik,,keramicheskiy-podsvechnik,autotranslit (no muru.ru counterpart),bez-kategorii,bez-kategorii,/catalog/bez-kategorii/bez-kategorii/keramicheskiy-podsvechnik/
MU0176,Керамический подсвечник,Без категории,,/catalog/без-категории/без-категории/MU0176/,,,,,keramicheskiy-podsvechnik,,,keramicheskiy-podsvechnik,2,keramicheskiy-podsvechnik-2,autotranslit (no muru.ru counterpart),bez-kategorii,bez-kategorii,/catalog/bez-kategorii/bez-kategorii/keramicheskiy-podsvechnik-2/
MU0177,Керамический подсвечник,Без категории,,/catalog/без-категории/без-категории/MU0177/,,,,,keramicheskiy-podsvechnik,,,keramicheskiy-podsvechnik,3,keramicheskiy-podsvechnik-3,autotranslit (no muru.ru counterpart),bez-kategorii,bez-kategorii,/catalog/bez-kategorii/bez-kategorii/keramicheskiy-podsvechnik-3/
MU0178,Керамический подсвечник,Без категории,,/catalog/без-категории/без-категории/MU0178/,,,,,keramicheskiy-podsvechnik,,,keramicheskiy-podsvechnik,4,keramicheskiy-podsvechnik-4,autotranslit (no muru.ru counterpart),bez-kategorii,bez-kategorii,/catalog/bez-kategorii/bez-kategorii/keramicheskiy-podsvechnik-4/
MU0179,Керамический подсвечник,Без категории,,/catalog/без-категории/без-категории/MU0179/,,,,,keramicheskiy-podsvechnik,,,keramicheskiy-podsvechnik,5,keramicheskiy-podsvechnik-5,autotranslit (no muru.ru counterpart),bez-kategorii,bez-kategorii,/catalog/bez-kategorii/bez-kategorii/keramicheskiy-podsvechnik-5/
MU0180,Керамический подсвечник,Без категории,,/catalog/без-категории/без-категории/MU0180/,,,,,keramicheskiy-podsvechnik,,,keramicheskiy-podsvechnik,6,keramicheskiy-podsvechnik-6,autotranslit (no muru.ru counterpart),bez-kategorii,bez-kategorii,/catalog/bez-kategorii/bez-kategorii/keramicheskiy-podsvechnik-6/
MU0181,Керамический подсвечник,Без категории,,/catalog/без-категории/без-категории/MU0181/,,,,,keramicheskiy-podsvechnik,,,keramicheskiy-podsvechnik,7,keramicheskiy-podsvechnik-7,autotranslit (no muru.ru counterpart),bez-kategorii,bez-kategorii,/catalog/bez-kategorii/bez-kategorii/keramicheskiy-podsvechnik-7/
MU0182,Керамическая ваза,Без категории,,/catalog/без-категории/без-категории/MU0182/,,,,,keramicheskaya-vaza,,,keramicheskaya-vaza,,keramicheskaya-vaza,autotranslit (no muru.ru counterpart),bez-kategorii,bez-kategorii,/catalog/bez-kategorii/bez-kategorii/keramicheskaya-vaza/
MU0183,Керамическая ваза,Без категории,,/catalog/без-категории/без-категории/MU0183/,,,,,keramicheskaya-vaza,,,keramicheskaya-vaza,2,keramicheskaya-vaza-2,autotranslit (no muru.ru counterpart),bez-kategorii,bez-kategorii,/catalog/bez-kategorii/bez-kategorii/keramicheskaya-vaza-2/
MU0184,Керамическая ваза,Без категории,,/catalog/без-категории/без-категории/MU0184/,,,,,keramicheskaya-vaza,,,keramicheskaya-vaza,3,keramicheskaya-vaza-3,autotranslit (no muru.ru counterpart),bez-kategorii,bez-kategorii,/catalog/bez-kategorii/bez-kategorii/keramicheskaya-vaza-3/
MU0185,"Керамическая ваза ""Форма света""",Без категории,,/catalog/без-категории/без-категории/MU0185/,,,,,keramicheskaya-vaza-forma-sveta,,,keramicheskaya-vaza-forma-sveta,5,keramicheskaya-vaza-forma-sveta-5,autotranslit (no muru.ru counterpart),bez-kategorii,bez-kategorii,/catalog/bez-kategorii/bez-kategorii/keramicheskaya-vaza-forma-sveta-5/
MU0186,"Керамическая ваза ""Форма света""",Без категории,,/catalog/без-категории/без-категории/MU0186/,,,,,keramicheskaya-vaza-forma-sveta,,,keramicheskaya-vaza-forma-sveta,6,keramicheskaya-vaza-forma-sveta-6,autotranslit (no muru.ru counterpart),bez-kategorii,bez-kategorii,/catalog/bez-kategorii/bez-kategorii/keramicheskaya-vaza-forma-sveta-6/
MU0187,"Керамическая ваза ""Форма света""",Без категории,,/catalog/без-категории/без-категории/MU0187/,,,,,keramicheskaya-vaza-forma-sveta,,,keramicheskaya-vaza-forma-sveta,7,keramicheskaya-vaza-forma-sveta-7,autotranslit (no muru.ru counterpart),bez-kategorii,bez-kategorii,/catalog/bez-kategorii/bez-kategorii/keramicheskaya-vaza-forma-sveta-7/
MU0188,Керамическая ваза,Без категории,,/catalog/без-категории/без-категории/MU0188/,,,,,keramicheskaya-vaza,,,keramicheskaya-vaza,4,keramicheskaya-vaza-4,autotranslit (no muru.ru counterpart),bez-kategorii,bez-kategorii,/catalog/bez-kategorii/bez-kategorii/keramicheskaya-vaza-4/
MU0189,Керамическая ваза,Без категории,,/catalog/без-категории/без-категории/MU0189/,,,,,keramicheskaya-vaza,,,keramicheskaya-vaza,5,keramicheskaya-vaza-5,autotranslit (no muru.ru counterpart),bez-kategorii,bez-kategorii,/catalog/bez-kategorii/bez-kategorii/keramicheskaya-vaza-5/
MU0190,Керамический держатель для салфеток,Без категории,,/catalog/без-категории/без-категории/MU0190/,,,,,keramicheskiy-derzhatel-dlya-salfetok,,,keramicheskiy-derzhatel-dlya-salfetok,,keramicheskiy-derzhatel-dlya-salfetok,autotranslit (no muru.ru counterpart),bez-kategorii,bez-kategorii,/catalog/bez-kategorii/bez-kategorii/keramicheskiy-derzhatel-dlya-salfetok/
MU0193,Сервировочное блюдо на ножке,Без категории,,/catalog/без-категории/без-категории/MU0193/,,,,,servirovochnoe-blyudo-na-nozhke,,,servirovochnoe-blyudo-na-nozhke,,servirovochnoe-blyudo-na-nozhke,autotranslit (no muru.ru counterpart),bez-kategorii,bez-kategorii,/catalog/bez-kategorii/bez-kategorii/servirovochnoe-blyudo-na-nozhke/
MU0198,"Ваза стеклянная ""Ваби Саби""",Вазы и аксессуары,Вазы и кувшины,/catalog/вазы-и-аксессуары/вазы-и-кувшины/MU0198/,https://muru.ru/catalog/vazy-i-aksessuary/vazy-i-kuvshiny/poster-abstraktsiya-obyatie-1925175868/,poster-abstraktsiya-obyatie-1925175868,no,"Ваза стеклянная ""Ваби Саби""",vaza-steklyannaya-vabi-sabi,,,vaza-steklyannaya-vabi-sabi,2,vaza-steklyannaya-vabi-sabi-2,autotranslit (muru.ru slug has Bitrix suffix),vazy-i-aksessuary,vazy-i-kuvshiny,/catalog/vazy-i-aksessuary/vazy-i-kuvshiny/vaza-steklyannaya-vabi-sabi-2/
MU0199,"Ваза стеклянная ""Ваби Саби""",Вазы и аксессуары,Вазы и кувшины,/catalog/вазы-и-аксессуары/вазы-и-кувшины/MU0199/,https://muru.ru/catalog/vazy-i-aksessuary/vazy-i-kuvshiny/poster-abstraktsiya-peyzazh/,poster-abstraktsiya-peyzazh,yes,"Ваза стеклянная ""Ваби Саби""",vaza-steklyannaya-vabi-sabi,no,no,vaza-steklyannaya-vabi-sabi,3,vaza-steklyannaya-vabi-sabi-3,autotranslit (muru.ru slug describes another product),vazy-i-aksessuary,vazy-i-kuvshiny,/catalog/vazy-i-aksessuary/vazy-i-kuvshiny/vaza-steklyannaya-vabi-sabi-3/
MU0200,"Ваза стеклянная ""Меланж""",Без категории,,/catalog/без-категории/без-категории/MU0200/,,,,,vaza-steklyannaya-melanzh,,,vaza-steklyannaya-melanzh,,vaza-steklyannaya-melanzh,autotranslit (no muru.ru counterpart),bez-kategorii,bez-kategorii,/catalog/bez-kategorii/bez-kategorii/vaza-steklyannaya-melanzh/
MU0203,"Ваза керамическая ""Тыква""",Вазы и аксессуары,Вазы и кувшины,/catalog/вазы-и-аксессуары/вазы-и-кувшины/MU0203/,https://muru.ru/catalog/vazy-i-aksessuary/vazy-i-kuvshiny/vaza-steklyannaya-26726449/,vaza-steklyannaya-26726449,no,"Ваза керамическая ""Тыква""",vaza-keramicheskaya-tykva,,,vaza-keramicheskaya-tykva,,vaza-keramicheskaya-tykva,autotranslit (muru.ru slug has Bitrix suffix),vazy-i-aksessuary,vazy-i-kuvshiny,/catalog/vazy-i-aksessuary/vazy-i-kuvshiny/vaza-keramicheskaya-tykva/
MU0204,"Ваза керамическая ""Тыква""",Вазы и аксессуары,Вазы и кувшины,/catalog/вазы-и-аксессуары/вазы-и-кувшины/MU0204/,https://muru.ru/catalog/vazy-i-aksessuary/vazy-i-kuvshiny/vaza-keramicheskaya/,vaza-keramicheskaya,yes,"Ваза керамическая ""Тыква""",vaza-keramicheskaya-tykva,no,no,vaza-keramicheskaya-tykva,2,vaza-keramicheskaya-tykva-2,autotranslit (muru.ru slug describes another product),vazy-i-aksessuary,vazy-i-kuvshiny,/catalog/vazy-i-aksessuary/vazy-i-kuvshiny/vaza-keramicheskaya-tykva-2/
MU0205,"Ваза керамическая ""Тыква""",Вазы и аксессуары,Вазы и кувшины,/catalog/вазы-и-аксессуары/вазы-и-кувшины/MU0205/,https://muru.ru/catalog/vazy-i-aksessuary/vazy-i-kuvshiny/vaza-keramicheskaya-771415311/,vaza-keramicheskaya-771415311,no,"Ваза керамическая ""Тыква""",vaza-keramicheskaya-tykva,,,vaza-keramicheskaya-tykva,3,vaza-keramicheskaya-tykva-3,autotranslit (muru.ru slug has Bitrix suffix),vazy-i-aksessuary,vazy-i-kuvshiny,/catalog/vazy-i-aksessuary/vazy-i-kuvshiny/vaza-keramicheskaya-tykva-3/
MU0206,Ароматическая свеча в стекле большая,Натуральный декор,Свечи,/catalog/натуральный-декор/свечи/MU0206/,https://muru.ru/catalog/naturalnyy-dekor/svechi/vaza-keramicheskaya-96697980/,vaza-keramicheskaya-96697980,no,Ароматическая свеча в стекле большая,aromaticheskaya-svecha-v-stekle-bolshaya,,,aromaticheskaya-svecha-v-stekle-bolshaya,,aromaticheskaya-svecha-v-stekle-bolshaya,autotranslit (muru.ru slug has Bitrix suffix),naturalnyy-dekor,svechi,/catalog/naturalnyy-dekor/svechi/aromaticheskaya-svecha-v-stekle-bolshaya/
MU0207,Ароматическая свеча в стекле большая,Натуральный декор,Свечи,/catalog/натуральный-декор/свечи/MU0207/,https://muru.ru/catalog/naturalnyy-dekor/svechi/vaza-steklyannaya-1076971271/,vaza-steklyannaya-1076971271,no,Ароматическая свеча в стекле большая,aromaticheskaya-svecha-v-stekle-bolshaya,,,aromaticheskaya-svecha-v-stekle-bolshaya,2,aromaticheskaya-svecha-v-stekle-bolshaya-2,autotranslit (muru.ru slug has Bitrix suffix),naturalnyy-dekor,svechi,/catalog/naturalnyy-dekor/svechi/aromaticheskaya-svecha-v-stekle-bolshaya-2/
MU0208,Ароматическая свеча в стекле большая,Натуральный декор,Свечи,/catalog/натуральный-декор/свечи/MU0208/,https://muru.ru/catalog/naturalnyy-dekor/svechi/vaza-steklyannaya-1254214807/,vaza-steklyannaya-1254214807,no,Ароматическая свеча в стекле большая,aromaticheskaya-svecha-v-stekle-bolshaya,,,aromaticheskaya-svecha-v-stekle-bolshaya,3,aromaticheskaya-svecha-v-stekle-bolshaya-3,autotranslit (muru.ru slug has Bitrix suffix),naturalnyy-dekor,svechi,/catalog/naturalnyy-dekor/svechi/aromaticheskaya-svecha-v-stekle-bolshaya-3/
MU0209,Ароматическая свеча в стекле большая,Натуральный декор,Свечи,/catalog/натуральный-декор/свечи/MU0209/,https://muru.ru/catalog/naturalnyy-dekor/svechi/aromaticheskaya-svecha-v-stekle-individualnyy-dizayn/,aromaticheskaya-svecha-v-stekle-individualnyy-dizayn,yes,Ароматическая свеча в стекле большая,aromaticheskaya-svecha-v-stekle-bolshaya,no,no,aromaticheskaya-svecha-v-stekle-bolshaya,4,aromaticheskaya-svecha-v-stekle-bolshaya-4,autotranslit (muru.ru slug describes another product),naturalnyy-dekor,svechi,/catalog/naturalnyy-dekor/svechi/aromaticheskaya-svecha-v-stekle-bolshaya-4/
MU0210,Ароматическая свеча в стекле большая,Натуральный декор,Свечи,/catalog/натуральный-декор/свечи/MU0210/,https://muru.ru/catalog/naturalnyy-dekor/svechi/aromaticheskaya-svecha-v-stekle-individualnyy-dizayn-1168058450/,aromaticheskaya-svecha-v-stekle-individualnyy-dizayn-1168058450,no,Ароматическая свеча в стекле большая,aromaticheskaya-svecha-v-stekle-bolshaya,,,aromaticheskaya-svecha-v-stekle-bolshaya,5,aromaticheskaya-svecha-v-stekle-bolshaya-5,autotranslit (muru.ru slug has Bitrix suffix),naturalnyy-dekor,svechi,/catalog/naturalnyy-dekor/svechi/aromaticheskaya-svecha-v-stekle-bolshaya-5/
MU0211,Ароматическая свеча в стекле малая,Натуральный декор,Свечи,/catalog/натуральный-декор/свечи/MU0211/,https://muru.ru/catalog/naturalnyy-dekor/svechi/aromaticheskaya-svecha-v-stekle-individualnyy-dizayn-1033527812/,aromaticheskaya-svecha-v-stekle-individualnyy-dizayn-1033527812,no,Ароматическая свеча в стекле малая,aromaticheskaya-svecha-v-stekle-malaya,,,aromaticheskaya-svecha-v-stekle-malaya,,aromaticheskaya-svecha-v-stekle-malaya,autotranslit (muru.ru slug has Bitrix suffix),naturalnyy-dekor,svechi,/catalog/naturalnyy-dekor/svechi/aromaticheskaya-svecha-v-stekle-malaya/
MU0212,Ароматическая свеча в стекле малая,Натуральный декор,Свечи,/catalog/натуральный-декор/свечи/MU0212/,https://muru.ru/catalog/naturalnyy-dekor/svechi/aromaticheskaya-svecha-v-stekle-individualnyy-dizayn-1542306286/,aromaticheskaya-svecha-v-stekle-individualnyy-dizayn-1542306286,no,Ароматическая свеча в стекле малая,aromaticheskaya-svecha-v-stekle-malaya,,,aromaticheskaya-svecha-v-stekle-malaya,2,aromaticheskaya-svecha-v-stekle-malaya-2,autotranslit (muru.ru slug has Bitrix suffix),naturalnyy-dekor,svechi,/catalog/naturalnyy-dekor/svechi/aromaticheskaya-svecha-v-stekle-malaya-2/
MU0213,Ароматическая свеча в стекле малая,Натуральный декор,Свечи,/catalog/натуральный-декор/свечи/MU0213/,https://muru.ru/catalog/naturalnyy-dekor/svechi/aromaticheskaya-svecha-v-stekle-individualnyy-dizayn-1843013413/,aromaticheskaya-svecha-v-stekle-individualnyy-dizayn-1843013413,no,Ароматическая свеча в стекле малая,aromaticheskaya-svecha-v-stekle-malaya,,,aromaticheskaya-svecha-v-stekle-malaya,3,aromaticheskaya-svecha-v-stekle-malaya-3,autotranslit (muru.ru slug has Bitrix suffix),naturalnyy-dekor,svechi,/catalog/naturalnyy-dekor/svechi/aromaticheskaya-svecha-v-stekle-malaya-3/
MU0214,Ароматическая свеча в стекле малая,Натуральный декор,Свечи,/catalog/натуральный-декор/свечи/MU0214/,https://muru.ru/catalog/naturalnyy-dekor/svechi/aromaticheskaya-svecha-v-stekle-individualnyy-dizayn-576994292/,aromaticheskaya-svecha-v-stekle-individualnyy-dizayn-576994292,no,Ароматическая свеча в стекле малая,aromaticheskaya-svecha-v-stekle-malaya,,,aromaticheskaya-svecha-v-stekle-malaya,4,aromaticheskaya-svecha-v-stekle-malaya-4,autotranslit (muru.ru slug has Bitrix suffix),naturalnyy-dekor,svechi,/catalog/naturalnyy-dekor/svechi/aromaticheskaya-svecha-v-stekle-malaya-4/
MU0215,Ароматическая свеча в стекле малая,Натуральный декор,Свечи,/catalog/натуральный-декор/свечи/MU0215/,https://muru.ru/catalog/naturalnyy-dekor/svechi/aromaticheskaya-svecha-v-stekle-individualnyy-dizayn-2035541757/,aromaticheskaya-svecha-v-stekle-individualnyy-dizayn-2035541757,no,Ароматическая свеча в стекле малая,aromaticheskaya-svecha-v-stekle-malaya,,,aromaticheskaya-svecha-v-stekle-malaya,5,aromaticheskaya-svecha-v-stekle-malaya-5,autotranslit (muru.ru slug has Bitrix suffix),naturalnyy-dekor,svechi,/catalog/naturalnyy-dekor/svechi/aromaticheskaya-svecha-v-stekle-malaya-5/
MU0216,"Набор конических свечей ""Taper Set 2"", 350 мм",Натуральный декор,Свечи,/catalog/натуральный-декор/свечи/MU0216/,https://muru.ru/catalog/naturalnyy-dekor/svechi/nabor-konicheskikh-svechey-taper-set-2-350-mm/,nabor-konicheskikh-svechey-taper-set-2-350-mm,yes,"Набор конических свечей ""Taper Set 2"", 350 мм",nabor-konicheskikh-svechey-taper-set-2-350-mm,yes,yes,nabor-konicheskikh-svechey-taper-set-2-350-mm,,nabor-konicheskikh-svechey-taper-set-2-350-mm,muru.ru clean slug,naturalnyy-dekor,svechi,/catalog/naturalnyy-dekor/svechi/nabor-konicheskikh-svechey-taper-set-2-350-mm/
MU0217,"Набор конических свечей ""Taper Set 2"", 350 мм",Натуральный декор,Свечи,/catalog/натуральный-декор/свечи/MU0217/,https://muru.ru/catalog/naturalnyy-dekor/svechi/nabor-konicheskikh-svechey-taper-set-2-350-mm-230434715/,nabor-konicheskikh-svechey-taper-set-2-350-mm-230434715,no,"Набор конических свечей ""Taper Set 2"", 350 мм",nabor-konicheskikh-svechey-taper-set-2-350-mm,,,nabor-konicheskikh-svechey-taper-set-2-350-mm,2,nabor-konicheskikh-svechey-taper-set-2-350-mm-2,autotranslit (muru.ru slug has Bitrix suffix),naturalnyy-dekor,svechi,/catalog/naturalnyy-dekor/svechi/nabor-konicheskikh-svechey-taper-set-2-350-mm-2/
MU0218,"Набор конических свечей ""Taper Set 2"", 350 мм",Натуральный декор,Свечи,/catalog/натуральный-декор/свечи/MU0218/,https://muru.ru/catalog/naturalnyy-dekor/svechi/nabor-konicheskikh-svechey-taper-set-2-350-mm-23316462/,nabor-konicheskikh-svechey-taper-set-2-350-mm-23316462,no,"Набор конических свечей ""Taper Set 2"", 350 мм",nabor-konicheskikh-svechey-taper-set-2-350-mm,,,nabor-konicheskikh-svechey-taper-set-2-350-mm,3,nabor-konicheskikh-svechey-taper-set-2-350-mm-3,autotranslit (muru.ru slug has Bitrix suffix),naturalnyy-dekor,svechi,/catalog/naturalnyy-dekor/svechi/nabor-konicheskikh-svechey-taper-set-2-350-mm-3/
MU0219,"Набор конических свечей ""Taper Set 2"", 350 мм",Натуральный декор,Свечи,/catalog/натуральный-декор/свечи/MU0219/,https://muru.ru/catalog/naturalnyy-dekor/svechi/nabor-konicheskikh-svechey-taper-set-2-350-mm-114623661/,nabor-konicheskikh-svechey-taper-set-2-350-mm-114623661,no,"Набор конических свечей ""Taper Set 2"", 350 мм",nabor-konicheskikh-svechey-taper-set-2-350-mm,,,nabor-konicheskikh-svechey-taper-set-2-350-mm,4,nabor-konicheskikh-svechey-taper-set-2-350-mm-4,autotranslit (muru.ru slug has Bitrix suffix),naturalnyy-dekor,svechi,/catalog/naturalnyy-dekor/svechi/nabor-konicheskikh-svechey-taper-set-2-350-mm-4/
MU0220,"Набор конических свечей ""Taper Set 2"", 350 мм",Натуральный декор,Свечи,/catalog/натуральный-декор/свечи/MU0220/,https://muru.ru/catalog/naturalnyy-dekor/svechi/nabor-konicheskikh-svechey-taper-set-2-350-mm-364073781/,nabor-konicheskikh-svechey-taper-set-2-350-mm-364073781,no,"Набор конических свечей ""Taper Set 2"", 350 мм",nabor-konicheskikh-svechey-taper-set-2-350-mm,,,nabor-konicheskikh-svechey-taper-set-2-350-mm,5,nabor-konicheskikh-svechey-taper-set-2-350-mm-5,autotranslit (muru.ru slug has Bitrix suffix),naturalnyy-dekor,svechi,/catalog/naturalnyy-dekor/svechi/nabor-konicheskikh-svechey-taper-set-2-350-mm-5/
MU0221,"Набор конических свечей ""Taper Set 2"", 350 мм",Натуральный декор,Свечи,/catalog/натуральный-декор/свечи/MU0221/,https://muru.ru/catalog/naturalnyy-dekor/svechi/nabor-konicheskikh-svechey-taper-set-2-350-mm-862060243/,nabor-konicheskikh-svechey-taper-set-2-350-mm-862060243,no,"Набор конических свечей ""Taper Set 2"", 350 мм",nabor-konicheskikh-svechey-taper-set-2-350-mm,,,nabor-konicheskikh-svechey-taper-set-2-350-mm,6,nabor-konicheskikh-svechey-taper-set-2-350-mm-6,autotranslit (muru.ru slug has Bitrix suffix),naturalnyy-dekor,svechi,/catalog/naturalnyy-dekor/svechi/nabor-konicheskikh-svechey-taper-set-2-350-mm-6/
MU0222,"Набор конических свечей ""Taper Set 2"", 350 мм",Натуральный декор,Свечи,/catalog/натуральный-декор/свечи/MU0222/,https://muru.ru/catalog/naturalnyy-dekor/svechi/nabor-konicheskikh-svechey-taper-set-2-350-mm-522188599/,nabor-konicheskikh-svechey-taper-set-2-350-mm-522188599,no,"Набор конических свечей ""Taper Set 2"", 350 мм",nabor-konicheskikh-svechey-taper-set-2-350-mm,,,nabor-konicheskikh-svechey-taper-set-2-350-mm,7,nabor-konicheskikh-svechey-taper-set-2-350-mm-7,autotranslit (muru.ru slug has Bitrix suffix),naturalnyy-dekor,svechi,/catalog/naturalnyy-dekor/svechi/nabor-konicheskikh-svechey-taper-set-2-350-mm-7/
MU0223,"Набор конических свечей ""Taper Set 2"", 350 мм",Натуральный декор,Свечи,/catalog/натуральный-декор/свечи/MU0223/,https://muru.ru/catalog/naturalnyy-dekor/svechi/nabor-konicheskikh-svechey-taper-set-2-350-mm-1273882392/,nabor-konicheskikh-svechey-taper-set-2-350-mm-1273882392,no,"Набор конических свечей ""Taper Set 2"", 350 мм",nabor-konicheskikh-svechey-taper-set-2-350-mm,,,nabor-konicheskikh-svechey-taper-set-2-350-mm,8,nabor-konicheskikh-svechey-taper-set-2-350-mm-8,autotranslit (muru.ru slug has Bitrix suffix),naturalnyy-dekor,svechi,/catalog/naturalnyy-dekor/svechi/nabor-konicheskikh-svechey-taper-set-2-350-mm-8/
MU0224,"Набор конических свечей ""Taper Set 2"", 420 мм",Натуральный декор,Свечи,/catalog/натуральный-декор/свечи/MU0224/,https://muru.ru/catalog/naturalnyy-dekor/svechi/nabor-konicheskikh-svechey-taper-set-2-420-mm/,nabor-konicheskikh-svechey-taper-set-2-420-mm,yes,"Набор конических свечей ""Taper Set 2"", 420 мм",nabor-konicheskikh-svechey-taper-set-2-420-mm,yes,yes,nabor-konicheskikh-svechey-taper-set-2-420-mm,,nabor-konicheskikh-svechey-taper-set-2-420-mm,muru.ru clean slug,naturalnyy-dekor,svechi,/catalog/naturalnyy-dekor/svechi/nabor-konicheskikh-svechey-taper-set-2-420-mm/
MU0225,"Набор конических свечей ""Taper Set 2"", 420 мм",Натуральный декор,Свечи,/catalog/натуральный-декор/свечи/MU0225/,https://muru.ru/catalog/naturalnyy-dekor/svechi/nabor-konicheskikh-svechey-taper-set-2-420-mm-1305528751/,nabor-konicheskikh-svechey-taper-set-2-420-mm-1305528751,no,"Набор конических свечей ""Taper Set 2"", 420 мм",nabor-konicheskikh-svechey-taper-set-2-420-mm,,,nabor-konicheskikh-svechey-taper-set-2-420-mm,2,nabor-konicheskikh-svechey-taper-set-2-420-mm-2,autotranslit (muru.ru slug has Bitrix suffix),naturalnyy-dekor,svechi,/catalog/naturalnyy-dekor/svechi/nabor-konicheskikh-svechey-taper-set-2-420-mm-2/
MU0226,"Набор конических свечей ""Taper Set 2"", 420 мм",Натуральный декор,Свечи,/catalog/натуральный-декор/свечи/MU0226/,https://muru.ru/catalog/naturalnyy-dekor/svechi/nabor-konicheskikh-svechey-taper-set-2-420-mm-585651318/,nabor-konicheskikh-svechey-taper-set-2-420-mm-585651318,no,"Набор конических свечей ""Taper Set 2"", 420 мм",nabor-konicheskikh-svechey-taper-set-2-420-mm,,,nabor-konicheskikh-svechey-taper-set-2-420-mm,3,nabor-konicheskikh-svechey-taper-set-2-420-mm-3,autotranslit (muru.ru slug has Bitrix suffix),naturalnyy-dekor,svechi,/catalog/naturalnyy-dekor/svechi/nabor-konicheskikh-svechey-taper-set-2-420-mm-3/
MU0227,"Набор конических свечей ""Taper Set 2"", 420 мм",Натуральный декор,Свечи,/catalog/натуральный-декор/свечи/MU0227/,https://muru.ru/catalog/naturalnyy-dekor/svechi/nabor-konicheskikh-svechey-taper-set-2-420-mm-1308963835/,nabor-konicheskikh-svechey-taper-set-2-420-mm-1308963835,no,"Набор конических свечей ""Taper Set 2"", 420 мм",nabor-konicheskikh-svechey-taper-set-2-420-mm,,,nabor-konicheskikh-svechey-taper-set-2-420-mm,4,nabor-konicheskikh-svechey-taper-set-2-420-mm-4,autotranslit (muru.ru slug has Bitrix suffix),naturalnyy-dekor,svechi,/catalog/naturalnyy-dekor/svechi/nabor-konicheskikh-svechey-taper-set-2-420-mm-4/
MU0228,"Набор конических свечей ""Taper Set 2"", 420 мм",Натуральный декор,Свечи,/catalog/натуральный-декор/свечи/MU0228/,https://muru.ru/catalog/naturalnyy-dekor/svechi/nabor-konicheskikh-svechey-taper-set-2-420-mm-1756585208/,nabor-konicheskikh-svechey-taper-set-2-420-mm-1756585208,no,"Набор конических свечей ""Taper Set 2"", 420 мм",nabor-konicheskikh-svechey-taper-set-2-420-mm,,,nabor-konicheskikh-svechey-taper-set-2-420-mm,5,nabor-konicheskikh-svechey-taper-set-2-420-mm-5,autotranslit (muru.ru slug has Bitrix suffix),naturalnyy-dekor,svechi,/catalog/naturalnyy-dekor/svechi/nabor-konicheskikh-svechey-taper-set-2-420-mm-5/
MU0229,"Набор конических свечей ""Taper Set 2"", 420 мм",Натуральный декор,Свечи,/catalog/натуральный-декор/свечи/MU0229/,https://muru.ru/catalog/naturalnyy-dekor/svechi/nabor-konicheskikh-svechey-taper-set-2-420-mm-1723447202/,nabor-konicheskikh-svechey-taper-set-2-420-mm-1723447202,no,"Набор конических свечей ""Taper Set 2"", 420 мм",nabor-konicheskikh-svechey-taper-set-2-420-mm,,,nabor-konicheskikh-svechey-taper-set-2-420-mm,6,nabor-konicheskikh-svechey-taper-set-2-420-mm-6,autotranslit (muru.ru slug has Bitrix suffix),naturalnyy-dekor,svechi,/catalog/naturalnyy-dekor/svechi/nabor-konicheskikh-svechey-taper-set-2-420-mm-6/
MU0230,"Набор конических свечей ""Taper Set 2"", 420 мм",Натуральный декор,Свечи,/catalog/натуральный-декор/свечи/MU0230/,https://muru.ru/catalog/naturalnyy-dekor/svechi/nabor-konicheskikh-svechey-taper-set-2-420-mm-274869709/,nabor-konicheskikh-svechey-taper-set-2-420-mm-274869709,no,"Набор конических свечей ""Taper Set 2"", 420 мм",nabor-konicheskikh-svechey-taper-set-2-420-mm,,,nabor-konicheskikh-svechey-taper-set-2-420-mm,7,nabor-konicheskikh-svechey-taper-set-2-420-mm-7,autotranslit (muru.ru slug has Bitrix suffix),naturalnyy-dekor,svechi,/catalog/naturalnyy-dekor/svechi/nabor-konicheskikh-svechey-taper-set-2-420-mm-7/
MU0231,"Набор конических свечей ""Taper Set 2"", 420 мм",Натуральный декор,Свечи,/catalog/натуральный-декор/свечи/MU0231/,https://muru.ru/catalog/naturalnyy-dekor/svechi/nabor-konicheskikh-svechey-taper-set-2-420-mm-733471991/,nabor-konicheskikh-svechey-taper-set-2-420-mm-733471991,no,"Набор конических свечей ""Taper Set 2"", 420 мм",nabor-konicheskikh-svechey-taper-set-2-420-mm,,,nabor-konicheskikh-svechey-taper-set-2-420-mm,8,nabor-konicheskikh-svechey-taper-set-2-420-mm-8,autotranslit (muru.ru slug has Bitrix suffix),naturalnyy-dekor,svechi,/catalog/naturalnyy-dekor/svechi/nabor-konicheskikh-svechey-taper-set-2-420-mm-8/
MU0232,"Набор конических свечей ""Taper Set 6"", 350 мм",Натуральный декор,Свечи,/catalog/натуральный-декор/свечи/MU0232/,https://muru.ru/catalog/naturalnyy-dekor/svechi/nabor-konicheskikh-svechey-taper-set-6-350-mm/,nabor-konicheskikh-svechey-taper-set-6-350-mm,yes,"Набор конических свечей ""Taper Set 6"", 350 мм",nabor-konicheskikh-svechey-taper-set-6-350-mm,yes,yes,nabor-konicheskikh-svechey-taper-set-6-350-mm,,nabor-konicheskikh-svechey-taper-set-6-350-mm,muru.ru clean slug,naturalnyy-dekor,svechi,/catalog/naturalnyy-dekor/svechi/nabor-konicheskikh-svechey-taper-set-6-350-mm/
MU0233,"Набор конических свечей ""Taper Set 6"", 350 мм",Натуральный декор,Свечи,/catalog/натуральный-декор/свечи/MU0233/,https://muru.ru/catalog/naturalnyy-dekor/svechi/nabor-konicheskikh-svechey-taper-set-6-350-mm-936551509/,nabor-konicheskikh-svechey-taper-set-6-350-mm-936551509,no,"Набор конических свечей ""Taper Set 6"", 350 мм",nabor-konicheskikh-svechey-taper-set-6-350-mm,,,nabor-konicheskikh-svechey-taper-set-6-350-mm,2,nabor-konicheskikh-svechey-taper-set-6-350-mm-2,autotranslit (muru.ru slug has Bitrix suffix),naturalnyy-dekor,svechi,/catalog/naturalnyy-dekor/svechi/nabor-konicheskikh-svechey-taper-set-6-350-mm-2/
MU0234,"Набор конических свечей ""Taper Set 6"", 350 мм",Натуральный декор,Свечи,/catalog/натуральный-декор/свечи/MU0234/,https://muru.ru/catalog/naturalnyy-dekor/svechi/nabor-konicheskikh-svechey-taper-set-6-350-mm-1810407061/,nabor-konicheskikh-svechey-taper-set-6-350-mm-1810407061,no,"Набор конических свечей ""Taper Set 6"", 350 мм",nabor-konicheskikh-svechey-taper-set-6-350-mm,,,nabor-konicheskikh-svechey-taper-set-6-350-mm,3,nabor-konicheskikh-svechey-taper-set-6-350-mm-3,autotranslit (muru.ru slug has Bitrix suffix),naturalnyy-dekor,svechi,/catalog/naturalnyy-dekor/svechi/nabor-konicheskikh-svechey-taper-set-6-350-mm-3/
MU0235,"Набор конических свечей ""Taper Set 6"", 350 мм",Натуральный декор,Свечи,/catalog/натуральный-декор/свечи/MU0235/,https://muru.ru/catalog/naturalnyy-dekor/svechi/nabor-konicheskikh-svechey-taper-set-6-350-mm-1920333295/,nabor-konicheskikh-svechey-taper-set-6-350-mm-1920333295,no,"Набор конических свечей ""Taper Set 6"", 350 мм",nabor-konicheskikh-svechey-taper-set-6-350-mm,,,nabor-konicheskikh-svechey-taper-set-6-350-mm,4,nabor-konicheskikh-svechey-taper-set-6-350-mm-4,autotranslit (muru.ru slug has Bitrix suffix),naturalnyy-dekor,svechi,/catalog/naturalnyy-dekor/svechi/nabor-konicheskikh-svechey-taper-set-6-350-mm-4/
MU0236,"Набор конических свечей ""Taper Set 6"", 350 мм",Натуральный декор,Свечи,/catalog/натуральный-декор/свечи/MU0236/,https://muru.ru/catalog/naturalnyy-dekor/svechi/nabor-konicheskikh-svechey-taper-set-6-350-mm-1792960247/,nabor-konicheskikh-svechey-taper-set-6-350-mm-1792960247,no,"Набор конических свечей ""Taper Set 6"", 350 мм",nabor-konicheskikh-svechey-taper-set-6-350-mm,,,nabor-konicheskikh-svechey-taper-set-6-350-mm,5,nabor-konicheskikh-svechey-taper-set-6-350-mm-5,autotranslit (muru.ru slug has Bitrix suffix),naturalnyy-dekor,svechi,/catalog/naturalnyy-dekor/svechi/nabor-konicheskikh-svechey-taper-set-6-350-mm-5/
MU0237,"Набор конических свечей ""Taper Set 6"", 350 мм",Натуральный декор,Свечи,/catalog/натуральный-декор/свечи/MU0237/,https://muru.ru/catalog/naturalnyy-dekor/svechi/nabor-konicheskikh-svechey-taper-set-6-350-mm-1581523132/,nabor-konicheskikh-svechey-taper-set-6-350-mm-1581523132,no,"Набор конических свечей ""Taper Set 6"", 350 мм",nabor-konicheskikh-svechey-taper-set-6-350-mm,,,nabor-konicheskikh-svechey-taper-set-6-350-mm,6,nabor-konicheskikh-svechey-taper-set-6-350-mm-6,autotranslit (muru.ru slug has Bitrix suffix),naturalnyy-dekor,svechi,/catalog/naturalnyy-dekor/svechi/nabor-konicheskikh-svechey-taper-set-6-350-mm-6/
MU0238,"Набор конических свечей ""Taper Set 6"", 350 мм",Натуральный декор,Свечи,/catalog/натуральный-декор/свечи/MU0238/,https://muru.ru/catalog/naturalnyy-dekor/svechi/nabor-konicheskikh-svechey-taper-set-6-350-mm-1919684120/,nabor-konicheskikh-svechey-taper-set-6-350-mm-1919684120,no,"Набор конических свечей ""Taper Set 6"", 350 мм",nabor-konicheskikh-svechey-taper-set-6-350-mm,,,nabor-konicheskikh-svechey-taper-set-6-350-mm,7,nabor-konicheskikh-svechey-taper-set-6-350-mm-7,autotranslit (muru.ru slug has Bitrix suffix),naturalnyy-dekor,svechi,/catalog/naturalnyy-dekor/svechi/nabor-konicheskikh-svechey-taper-set-6-350-mm-7/
MU0239,"Набор конических свечей ""Taper Set 6"", 350 мм",Натуральный декор,Свечи,/catalog/натуральный-декор/свечи/MU0239/,https://muru.ru/catalog/naturalnyy-dekor/svechi/nabor-konicheskikh-svechey-taper-set-6-350-mm-1794977808/,nabor-konicheskikh-svechey-taper-set-6-350-mm-1794977808,no,"Набор конических свечей ""Taper Set 6"", 350 мм",nabor-konicheskikh-svechey-taper-set-6-350-mm,,,nabor-konicheskikh-svechey-taper-set-6-350-mm,8,nabor-konicheskikh-svechey-taper-set-6-350-mm-8,autotranslit (muru.ru slug has Bitrix suffix),naturalnyy-dekor,svechi,/catalog/naturalnyy-dekor/svechi/nabor-konicheskikh-svechey-taper-set-6-350-mm-8/
MU0240,"Набор конических свечей ""Taper Set 6"", 420 мм",Натуральный декор,Свечи,/catalog/натуральный-декор/свечи/MU0240/,https://muru.ru/catalog/naturalnyy-dekor/svechi/nabor-konicheskikh-svechey-taper-set-6-420-mm/,nabor-konicheskikh-svechey-taper-set-6-420-mm,yes,"Набор конических свечей ""Taper Set 6"", 420 мм",nabor-konicheskikh-svechey-taper-set-6-420-mm,yes,yes,nabor-konicheskikh-svechey-taper-set-6-420-mm,,nabor-konicheskikh-svechey-taper-set-6-420-mm,muru.ru clean slug,naturalnyy-dekor,svechi,/catalog/naturalnyy-dekor/svechi/nabor-konicheskikh-svechey-taper-set-6-420-mm/
MU0241,"Набор конических свечей ""Taper Set 6"", 420 мм",Натуральный декор,Свечи,/catalog/натуральный-декор/свечи/MU0241/,https://muru.ru/catalog/naturalnyy-dekor/svechi/nabor-konicheskikh-svechey-taper-set-6-420-mm-1058910549/,nabor-konicheskikh-svechey-taper-set-6-420-mm-1058910549,no,"Набор конических свечей ""Taper Set 6"", 420 мм",nabor-konicheskikh-svechey-taper-set-6-420-mm,,,nabor-konicheskikh-svechey-taper-set-6-420-mm,2,nabor-konicheskikh-svechey-taper-set-6-420-mm-2,autotranslit (muru.ru slug has Bitrix suffix),naturalnyy-dekor,svechi,/catalog/naturalnyy-dekor/svechi/nabor-konicheskikh-svechey-taper-set-6-420-mm-2/
MU0242,"Набор конических свечей ""Taper Set 6"", 420 мм",Натуральный декор,Свечи,/catalog/натуральный-декор/свечи/MU0242/,https://muru.ru/catalog/naturalnyy-dekor/svechi/nabor-konicheskikh-svechey-taper-set-6-420-mm-1220064420/,nabor-konicheskikh-svechey-taper-set-6-420-mm-1220064420,no,"Набор конических свечей ""Taper Set 6"", 420 мм",nabor-konicheskikh-svechey-taper-set-6-420-mm,,,nabor-konicheskikh-svechey-taper-set-6-420-mm,3,nabor-konicheskikh-svechey-taper-set-6-420-mm-3,autotranslit (muru.ru slug has Bitrix suffix),naturalnyy-dekor,svechi,/catalog/naturalnyy-dekor/svechi/nabor-konicheskikh-svechey-taper-set-6-420-mm-3/
MU0243,"Набор конических свечей ""Taper Set 6"", 420 мм",Натуральный декор,Свечи,/catalog/натуральный-декор/свечи/MU0243/,https://muru.ru/catalog/naturalnyy-dekor/svechi/nabor-konicheskikh-svechey-taper-set-6-420-mm-692832387/,nabor-konicheskikh-svechey-taper-set-6-420-mm-692832387,no,"Набор конических свечей ""Taper Set 6"", 420 мм",nabor-konicheskikh-svechey-taper-set-6-420-mm,,,nabor-konicheskikh-svechey-taper-set-6-420-mm,4,nabor-konicheskikh-svechey-taper-set-6-420-mm-4,autotranslit (muru.ru slug has Bitrix suffix),naturalnyy-dekor,svechi,/catalog/naturalnyy-dekor/svechi/nabor-konicheskikh-svechey-taper-set-6-420-mm-4/
MU0244,"Набор конических свечей ""Taper Set 6"", 420 мм",Натуральный декор,Свечи,/catalog/натуральный-декор/свечи/MU0244/,https://muru.ru/catalog/naturalnyy-dekor/svechi/nabor-konicheskikh-svechey-taper-set-6-420-mm-272749048/,nabor-konicheskikh-svechey-taper-set-6-420-mm-272749048,no,"Набор конических свечей ""Taper Set 6"", 420 мм",nabor-konicheskikh-svechey-taper-set-6-420-mm,,,nabor-konicheskikh-svechey-taper-set-6-420-mm,5,nabor-konicheskikh-svechey-taper-set-6-420-mm-5,autotranslit (muru.ru slug has Bitrix suffix),naturalnyy-dekor,svechi,/catalog/naturalnyy-dekor/svechi/nabor-konicheskikh-svechey-taper-set-6-420-mm-5/
MU0245,"Набор конических свечей ""Taper Set 6"", 420 мм",Натуральный декор,Свечи,/catalog/натуральный-декор/свечи/MU0245/,https://muru.ru/catalog/naturalnyy-dekor/svechi/nabor-konicheskikh-svechey-taper-set-6-420-mm-1115224891/,nabor-konicheskikh-svechey-taper-set-6-420-mm-1115224891,no,"Набор конических свечей ""Taper Set 6"", 420 мм",nabor-konicheskikh-svechey-taper-set-6-420-mm,,,nabor-konicheskikh-svechey-taper-set-6-420-mm,6,nabor-konicheskikh-svechey-taper-set-6-420-mm-6,autotranslit (muru.ru slug has Bitrix suffix),naturalnyy-dekor,svechi,/catalog/naturalnyy-dekor/svechi/nabor-konicheskikh-svechey-taper-set-6-420-mm-6/
MU0246,"Набор конических свечей ""Taper Set 6"", 420 мм",Натуральный декор,Свечи,/catalog/натуральный-декор/свечи/MU0246/,https://muru.ru/catalog/naturalnyy-dekor/svechi/nabor-konicheskikh-svechey-taper-set-6-420-mm-888673231/,nabor-konicheskikh-svechey-taper-set-6-420-mm-888673231,no,"Набор конических свечей ""Taper Set 6"", 420 мм",nabor-konicheskikh-svechey-taper-set-6-420-mm,,,nabor-konicheskikh-svechey-taper-set-6-420-mm,7,nabor-konicheskikh-svechey-taper-set-6-420-mm-7,autotranslit (muru.ru slug has Bitrix suffix),naturalnyy-dekor,svechi,/catalog/naturalnyy-dekor/svechi/nabor-konicheskikh-svechey-taper-set-6-420-mm-7/
MU0247,"Набор конических свечей ""Taper Set 6"", 420 мм",Натуральный декор,Свечи,/catalog/натуральный-декор/свечи/MU0247/,https://muru.ru/catalog/naturalnyy-dekor/svechi/nabor-konicheskikh-svechey-taper-set-6-420-mm-507132842/,nabor-konicheskikh-svechey-taper-set-6-420-mm-507132842,no,"Набор конических свечей ""Taper Set 6"", 420 мм",nabor-konicheskikh-svechey-taper-set-6-420-mm,,,nabor-konicheskikh-svechey-taper-set-6-420-mm,8,nabor-konicheskikh-svechey-taper-set-6-420-mm-8,autotranslit (muru.ru slug has Bitrix suffix),naturalnyy-dekor,svechi,/catalog/naturalnyy-dekor/svechi/nabor-konicheskikh-svechey-taper-set-6-420-mm-8/
MU0248,"Набор столовых свечей, 6 шт",Натуральный декор,Свечи,/catalog/натуральный-декор/свечи/MU0248/,https://muru.ru/catalog/naturalnyy-dekor/svechi/nabor-stolovykh-svechey-6-sht/,nabor-stolovykh-svechey-6-sht,yes,"Набор столовых свечей, 6 шт",nabor-stolovykh-svechey-6-sht,yes,yes,nabor-stolovykh-svechey-6-sht,,nabor-stolovykh-svechey-6-sht,muru.ru clean slug,naturalnyy-dekor,svechi,/catalog/naturalnyy-dekor/svechi/nabor-stolovykh-svechey-6-sht/
MU0249,Блюдо керамическое,Кухня и столовая,Посуда,/catalog/кухня-и-столовая/посуда/MU0249/,https://muru.ru/catalog/kukhnya-i-stolovaya/posuda/blyudo-keramicheskoe/,blyudo-keramicheskoe,yes,Блюдо керамическое,blyudo-keramicheskoe,yes,yes,blyudo-keramicheskoe,,blyudo-keramicheskoe,muru.ru clean slug,kukhnya-i-stolovaya,posuda,/catalog/kukhnya-i-stolovaya/posuda/blyudo-keramicheskoe/
MU0250,Кольцо для салфеток,Кухня и столовая,Сервировка,/catalog/кухня-и-столовая/сервировка/MU0250/,https://muru.ru/catalog/kukhnya-i-stolovaya/servirovka/koltso-dlya-salfetok/,koltso-dlya-salfetok,yes,Кольцо для салфеток,koltso-dlya-salfetok,yes,yes,koltso-dlya-salfetok,,koltso-dlya-salfetok,muru.ru clean slug,kukhnya-i-stolovaya,servirovka,/catalog/kukhnya-i-stolovaya/servirovka/koltso-dlya-salfetok/
MU0251,Чехол на бутыль 19 л папье-маше,Кухня и столовая,Кухонные аксессуары,/catalog/кухня-и-столовая/кухонные-аксессуары/MU0251/,https://muru.ru/catalog/kukhnya-i-stolovaya/kukhonnye-aksessuary/chekhol-na-butyl-19-l-pape-mashe/,chekhol-na-butyl-19-l-pape-mashe,yes,Чехол на бутыль 19 л папье-маше,chekhol-na-butyl-19-l-pape-mashe,yes,yes,chekhol-na-butyl-19-l-pape-mashe,,chekhol-na-butyl-19-l-pape-mashe,muru.ru clean slug,kukhnya-i-stolovaya,kukhonnye-aksessuary,/catalog/kukhnya-i-stolovaya/kukhonnye-aksessuary/chekhol-na-butyl-19-l-pape-mashe/
MU0252,Чехол на бутыль 19 л папье-маше,Кухня и столовая,Кухонные аксессуары,/catalog/кухня-и-столовая/кухонные-аксессуары/MU0252/,https://muru.ru/catalog/kukhnya-i-stolovaya/kukhonnye-aksessuary/chekhol-na-butyl-19-l-pape-mashe-860605713/,chekhol-na-butyl-19-l-pape-mashe-860605713,no,Чехол на бутыль 19 л папье-маше,chekhol-na-butyl-19-l-pape-mashe,,,chekhol-na-butyl-19-l-pape-mashe,2,chekhol-na-butyl-19-l-pape-mashe-2,autotranslit (muru.ru slug has Bitrix suffix),kukhnya-i-stolovaya,kukhonnye-aksessuary,/catalog/kukhnya-i-stolovaya/kukhonnye-aksessuary/chekhol-na-butyl-19-l-pape-mashe-2/
MU0253,Светильник большой папье-маше,Интерьер,Свет,/catalog/интерьер/свет/MU0253/,https://muru.ru/catalog/interer/svet/svetilnik-bolshoy-pape-mashe/,svetilnik-bolshoy-pape-mashe,yes,Светильник большой папье-маше,svetilnik-bolshoy-pape-mashe,yes,yes,svetilnik-bolshoy-pape-mashe,,svetilnik-bolshoy-pape-mashe,muru.ru clean slug,interer,svet,/catalog/interer/svet/svetilnik-bolshoy-pape-mashe/
MU0254,Светильник малый папье-маше,Интерьер,Свет,/catalog/интерьер/свет/MU0254/,https://muru.ru/catalog/interer/svet/svetilnik-malyy-pape-mashe/,svetilnik-malyy-pape-mashe,yes,Светильник малый папье-маше,svetilnik-malyy-pape-mashe,yes,yes,svetilnik-malyy-pape-mashe,,svetilnik-malyy-pape-mashe,muru.ru clean slug,interer,svet,/catalog/interer/svet/svetilnik-malyy-pape-mashe/
MU0255,Ваза большая папье-маше,Вазы и аксессуары,Вазы и кувшины,/catalog/вазы-и-аксессуары/вазы-и-кувшины/MU0255/,https://muru.ru/catalog/vazy-i-aksessuary/vazy-i-kuvshiny/vaza-bolshaya-pape-mashe/,vaza-bolshaya-pape-mashe,yes,Ваза большая папье-маше,vaza-bolshaya-pape-mashe,yes,yes,vaza-bolshaya-pape-mashe,,vaza-bolshaya-pape-mashe,muru.ru clean slug,vazy-i-aksessuary,vazy-i-kuvshiny,/catalog/vazy-i-aksessuary/vazy-i-kuvshiny/vaza-bolshaya-pape-mashe/
MU0256,Ваза малая папье-маше,Вазы и аксессуары,Вазы и кувшины,/catalog/вазы-и-аксессуары/вазы-и-кувшины/MU0256/,https://muru.ru/catalog/vazy-i-aksessuary/vazy-i-kuvshiny/vaza-malaya-pape-mashe/,vaza-malaya-pape-mashe,yes,Ваза малая папье-маше,vaza-malaya-pape-mashe,yes,yes,vaza-malaya-pape-mashe,,vaza-malaya-pape-mashe,muru.ru clean slug,vazy-i-aksessuary,vazy-i-kuvshiny,/catalog/vazy-i-aksessuary/vazy-i-kuvshiny/vaza-malaya-pape-mashe/
MU0257,Ваза большая папье-маше,Вазы и аксессуары,Вазы и кувшины,/catalog/вазы-и-аксессуары/вазы-и-кувшины/MU0257/,https://muru.ru/catalog/vazy-i-aksessuary/vazy-i-kuvshiny/vaza-bolshaya-pape-mashe-140962511/,vaza-bolshaya-pape-mashe-140962511,no,Ваза большая папье-маше,vaza-bolshaya-pape-mashe,,,vaza-bolshaya-pape-mashe,2,vaza-bolshaya-pape-mashe-2,autotranslit (muru.ru slug has Bitrix suffix),vazy-i-aksessuary,vazy-i-kuvshiny,/catalog/vazy-i-aksessuary/vazy-i-kuvshiny/vaza-bolshaya-pape-mashe-2/
MU0258,Ваза малая папье-маше,Вазы и аксессуары,Вазы и кувшины,/catalog/вазы-и-аксессуары/вазы-и-кувшины/MU0258/,https://muru.ru/catalog/vazy-i-aksessuary/vazy-i-kuvshiny/vaza-malaya-pape-mashe-38834364/,vaza-malaya-pape-mashe-38834364,no,Ваза малая папье-маше,vaza-malaya-pape-mashe,,,vaza-malaya-pape-mashe,2,vaza-malaya-pape-mashe-2,autotranslit (muru.ru slug has Bitrix suffix),vazy-i-aksessuary,vazy-i-kuvshiny,/catalog/vazy-i-aksessuary/vazy-i-kuvshiny/vaza-malaya-pape-mashe-2/
MU0259,"Корпоративные подарки, S",Комплексные наборы,Корпоративные подарки,/catalog/комплексные-наборы/корпоративные-подарки/MU0259/,https://muru.ru/catalog/kompleksnye-nabory/korporativnye-podarki/korporativnye-podarki-s/,korporativnye-podarki-s,yes,"Корпоративные подарки, S",korporativnye-podarki-s,yes,yes,korporativnye-podarki-s,,korporativnye-podarki-s,muru.ru clean slug,kompleksnye-nabory,korporativnye-podarki,/catalog/kompleksnye-nabory/korporativnye-podarki/korporativnye-podarki-s/
MU0260,"Корпоративные подарки, M",Комплексные наборы,Корпоративные подарки,/catalog/комплексные-наборы/корпоративные-подарки/MU0260/,https://muru.ru/catalog/kompleksnye-nabory/korporativnye-podarki/korporativnye-podarki-m/,korporativnye-podarki-m,yes,"Корпоративные подарки, M",korporativnye-podarki-m,yes,yes,korporativnye-podarki-m,,korporativnye-podarki-m,muru.ru clean slug,kompleksnye-nabory,korporativnye-podarki,/catalog/kompleksnye-nabory/korporativnye-podarki/korporativnye-podarki-m/
MU0261,"Корпоративные подарки, L",Комплексные наборы,Корпоративные подарки,/catalog/комплексные-наборы/корпоративные-подарки/MU0261/,https://muru.ru/catalog/kompleksnye-nabory/korporativnye-podarki/korporativnye-podarki-l/,korporativnye-podarki-l,yes,"Корпоративные подарки, L",korporativnye-podarki-l,yes,yes,korporativnye-podarki-l,,korporativnye-podarki-l,muru.ru clean slug,kompleksnye-nabory,korporativnye-podarki,/catalog/kompleksnye-nabory/korporativnye-podarki/korporativnye-podarki-l/
MU0262,Подарочный сертификат 5000,Подарочные карты,,/catalog/подарочные-карты/подарочные-карты/MU0262/,,,,,podarochnyy-sertifikat-5000,,,podarochnyy-sertifikat-5000,,podarochnyy-sertifikat-5000,autotranslit (no muru.ru counterpart),podarochnye-karty,podarochnye-karty,/catalog/podarochnye-karty/podarochnye-karty/podarochnyy-sertifikat-5000/
MU0263,Подарочный сертификат 10000,Подарочные карты,,/catalog/подарочные-карты/подарочные-карты/MU0263/,,,,,podarochnyy-sertifikat-10000,,,podarochnyy-sertifikat-10000,,podarochnyy-sertifikat-10000,autotranslit (no muru.ru counterpart),podarochnye-karty,podarochnye-karty,/catalog/podarochnye-karty/podarochnye-karty/podarochnyy-sertifikat-10000/
MU0264,Подарочный сертификат 15000,Подарочные карты,,/catalog/подарочные-карты/подарочные-карты/MU0264/,,,,,podarochnyy-sertifikat-15000,,,podarochnyy-sertifikat-15000,,podarochnyy-sertifikat-15000,autotranslit (no muru.ru counterpart),podarochnye-karty,podarochnye-karty,/catalog/podarochnye-karty/podarochnye-karty/podarochnyy-sertifikat-15000/
MU0265,СПИЧКИ,Натуральный декор,Свечи,/catalog/натуральный-декор/свечи/MU0265/,https://muru.ru/catalog/naturalnyy-dekor/svechi/spichki/,spichki,yes,Стеклянный флакон с пробкой,spichki,yes,no,spichki,,spichki,muru.ru clean slug,naturalnyy-dekor,svechi,/catalog/naturalnyy-dekor/svechi/spichki/
MU0266,Подсвечник керамический,Без категории,,/catalog/без-категории/без-категории/MU0266/,https://muru.ru/catalog/vazy-i-aksessuary/podsvechniki/podsvechnik-keramicheskiy/,podsvechnik-keramicheskiy,yes,Подсвечник керамический,podsvechnik-keramicheskiy,yes,yes,podsvechnik-keramicheskiy,,podsvechnik-keramicheskiy,muru.ru clean slug,bez-kategorii,bez-kategorii,/catalog/bez-kategorii/bez-kategorii/podsvechnik-keramicheskiy/
MU0267,Подсвечник керамический,Вазы и аксессуары,Подсвечники,/catalog/вазы-и-аксессуары/подсвечники/MU0267/,https://muru.ru/catalog/vazy-i-aksessuary/podsvechniki/podsvechnik-keramicheskiy-1215925394/,podsvechnik-keramicheskiy-1215925394,no,Подсвечник керамический,podsvechnik-keramicheskiy,,,podsvechnik-keramicheskiy,2,podsvechnik-keramicheskiy-2,autotranslit (muru.ru slug has Bitrix suffix),vazy-i-aksessuary,podsvechniki,/catalog/vazy-i-aksessuary/podsvechniki/podsvechnik-keramicheskiy-2/
MU0268,Подсвечник керамический малый,Вазы и аксессуары,Подсвечники,/catalog/вазы-и-аксессуары/подсвечники/MU0268/,https://muru.ru/catalog/vazy-i-aksessuary/podsvechniki/podsvechnik-keramicheskiy-malyy/,podsvechnik-keramicheskiy-malyy,yes,Подсвечник керамический малый,podsvechnik-keramicheskiy-malyy,yes,yes,podsvechnik-keramicheskiy-malyy,,podsvechnik-keramicheskiy-malyy,muru.ru clean slug,vazy-i-aksessuary,podsvechniki,/catalog/vazy-i-aksessuary/podsvechniki/podsvechnik-keramicheskiy-malyy/
MU0269,Подсвечник керамический большой,Вазы и аксессуары,Подсвечники,/catalog/вазы-и-аксессуары/подсвечники/MU0269/,https://muru.ru/catalog/vazy-i-aksessuary/podsvechniki/podsvechnik-keramicheskiy-bolshoy/,podsvechnik-keramicheskiy-bolshoy,yes,Подсвечник керамический большой,podsvechnik-keramicheskiy-bolshoy,yes,yes,podsvechnik-keramicheskiy-bolshoy,,podsvechnik-keramicheskiy-bolshoy,muru.ru clean slug,vazy-i-aksessuary,podsvechniki,/catalog/vazy-i-aksessuary/podsvechniki/podsvechnik-keramicheskiy-bolshoy/
MU0270,Полотенце банное вафельное с бахромой большое,Текстиль,Ванная комната,/catalog/текстиль/ванная-комната/MU0270/,,,,,polotentse-bannoe-vafelnoe-s-bakhromoy-bolshoe,,,polotentse-bannoe-vafelnoe-s-bakhromoy-bolshoe,,polotentse-bannoe-vafelnoe-s-bakhromoy-bolshoe,autotranslit (no muru.ru counterpart),tekstil,vannaya-komnata,/catalog/tekstil/vannaya-komnata/polotentse-bannoe-vafelnoe-s-bakhromoy-bolshoe/
MU0271,Полотенце банное вафельное с бахромой малое,Текстиль,Ванная комната,/catalog/текстиль/ванная-комната/MU0271/,,,,,polotentse-bannoe-vafelnoe-s-bakhromoy-maloe,,,polotentse-bannoe-vafelnoe-s-bakhromoy-maloe,,polotentse-bannoe-vafelnoe-s-bakhromoy-maloe,autotranslit (no muru.ru counterpart),tekstil,vannaya-komnata,/catalog/tekstil/vannaya-komnata/polotentse-bannoe-vafelnoe-s-bakhromoy-maloe/
MU0272,Коврик-полотенце для ванны,Текстиль,Ванная комната,/catalog/текстиль/ванная-комната/MU0272/,,,,,kovrik-polotentse-dlya-vanny,,,kovrik-polotentse-dlya-vanny,,kovrik-polotentse-dlya-vanny,autotranslit (no muru.ru counterpart),tekstil,vannaya-komnata,/catalog/tekstil/vannaya-komnata/kovrik-polotentse-dlya-vanny/
MU0285,"Набор столовых свечей, 6 шт",Натуральный декор,Свечи,/catalog/натуральный-декор/свечи/MU0285/,,,,,nabor-stolovykh-svechey-6-sht,,,nabor-stolovykh-svechey-6-sht,2,nabor-stolovykh-svechey-6-sht-2,autotranslit (no muru.ru counterpart),naturalnyy-dekor,svechi,/catalog/naturalnyy-dekor/svechi/nabor-stolovykh-svechey-6-sht-2/
MU0286,"Набор столовых свечей, 6 шт",Натуральный декор,Свечи,/catalog/натуральный-декор/свечи/MU0286/,,,,,nabor-stolovykh-svechey-6-sht,,,nabor-stolovykh-svechey-6-sht,3,nabor-stolovykh-svechey-6-sht-3,autotranslit (no muru.ru counterpart),naturalnyy-dekor,svechi,/catalog/naturalnyy-dekor/svechi/nabor-stolovykh-svechey-6-sht-3/
MU0287,"Набор столовых свечей, 6 шт",Натуральный декор,Свечи,/catalog/натуральный-декор/свечи/MU0287/,,,,,nabor-stolovykh-svechey-6-sht,,,nabor-stolovykh-svechey-6-sht,4,nabor-stolovykh-svechey-6-sht-4,autotranslit (no muru.ru counterpart),naturalnyy-dekor,svechi,/catalog/naturalnyy-dekor/svechi/nabor-stolovykh-svechey-6-sht-4/
MU0288,"Набор столовых свечей, 6 шт",Натуральный декор,Свечи,/catalog/натуральный-декор/свечи/MU0288/,,,,,nabor-stolovykh-svechey-6-sht,,,nabor-stolovykh-svechey-6-sht,5,nabor-stolovykh-svechey-6-sht-5,autotranslit (no muru.ru counterpart),naturalnyy-dekor,svechi,/catalog/naturalnyy-dekor/svechi/nabor-stolovykh-svechey-6-sht-5/
MU0289,"Набор столовых свечей, 6 шт",Натуральный декор,Свечи,/catalog/натуральный-декор/свечи/MU0289/,,,,,nabor-stolovykh-svechey-6-sht,,,nabor-stolovykh-svechey-6-sht,6,nabor-stolovykh-svechey-6-sht-6,autotranslit (no muru.ru counterpart),naturalnyy-dekor,svechi,/catalog/naturalnyy-dekor/svechi/nabor-stolovykh-svechey-6-sht-6/
MU0290,"Набор столовых свечей, 6 шт",Натуральный декор,Свечи,/catalog/натуральный-декор/свечи/MU0290/,,,,,nabor-stolovykh-svechey-6-sht,,,nabor-stolovykh-svechey-6-sht,7,nabor-stolovykh-svechey-6-sht-7,autotranslit (no muru.ru counterpart),naturalnyy-dekor,svechi,/catalog/naturalnyy-dekor/svechi/nabor-stolovykh-svechey-6-sht-7/
MU0291,"Набор столовых свечей, 6 шт",Натуральный декор,Свечи,/catalog/натуральный-декор/свечи/MU0291/,,,,,nabor-stolovykh-svechey-6-sht,,,nabor-stolovykh-svechey-6-sht,8,nabor-stolovykh-svechey-6-sht-8,autotranslit (no muru.ru counterpart),naturalnyy-dekor,svechi,/catalog/naturalnyy-dekor/svechi/nabor-stolovykh-svechey-6-sht-8/
MU0292,"Чайная пара ""Клетка""",Кухня и столовая,Посуда,/catalog/кухня-и-столовая/посуда/MU0292/,,,,,chaynaya-para-kletka,,,chaynaya-para-kletka,,chaynaya-para-kletka,autotranslit (no muru.ru counterpart),kukhnya-i-stolovaya,posuda,/catalog/kukhnya-i-stolovaya/posuda/chaynaya-para-kletka/
MU0293,Ваза керамическая большая,Вазы и аксессуары,Вазы и кувшины,/catalog/вазы-и-аксессуары/вазы-и-кувшины/MU0293/,,,,,vaza-keramicheskaya-bolshaya,,,vaza-keramicheskaya-bolshaya,,vaza-keramicheskaya-bolshaya,autotranslit (no muru.ru counterpart),vazy-i-aksessuary,vazy-i-kuvshiny,/catalog/vazy-i-aksessuary/vazy-i-kuvshiny/vaza-keramicheskaya-bolshaya/
MU0294,Ваза керамическая малая,Вазы и аксессуары,Вазы и кувшины,/catalog/вазы-и-аксессуары/вазы-и-кувшины/MU0294/,,,,,vaza-keramicheskaya-malaya,,,vaza-keramicheskaya-malaya,,vaza-keramicheskaya-malaya,autotranslit (no muru.ru counterpart),vazy-i-aksessuary,vazy-i-kuvshiny,/catalog/vazy-i-aksessuary/vazy-i-kuvshiny/vaza-keramicheskaya-malaya/
MU0295,Фловестоун,Вазы и аксессуары,Держатели и кензаны для цветов,/catalog/вазы-и-аксессуары/держатели-и-кензаны-для-цветов/MU0295/,,,,,flovestoun,,,flovestoun,,flovestoun,autotranslit (no muru.ru counterpart),vazy-i-aksessuary,derzhateli-i-kenzany-dlya-tsvetov,/catalog/vazy-i-aksessuary/derzhateli-i-kenzany-dlya-tsvetov/flovestoun/
